origin_cluster_id,locality,departure_time,destination_cluster_id,distance_meters,static_duration_seconds,traffic_duration_seconds,route_description,encoded_polyline,predicted_arrival_time,arrival_buffer_minutes,status
H1,Hoodi,2026-08-24T08:30:00+05:30,OFFICE,1952,391,387,ITPL Main Rd,o{gnAo~hyM}A_Do@eB{@}AQe@m@eA[]m@Y{@Sm@Aw@Ju@^c@d@Ud@Uj@}AxGe@dDOxCWfUI|EKxA}@~Eg@hCGb@REHGJQDSRTp@H@I[CIIGW@UPcAHKVC~@BR@~@A,2026-08-24T08:36:27+05:30,103.55,success
H1,Hoodi,2026-08-24T08:45:00+05:30,OFFICE,1952,391,382,ITPL Main Rd,o{gnAo~hyM}A_Do@eB{@}AQe@m@eA[]m@Y{@Sm@Aw@Ju@^c@d@Ud@Uj@}AxGe@dDOxCWfUI|EKxA}@~Eg@hCGb@REHGJQDSRTp@H@I[CIIGW@UPcAHKVC~@BR@~@A,2026-08-24T08:51:22+05:30,88.63333333333334,success
H1,Hoodi,2026-08-24T09:00:00+05:30,OFFICE,1952,391,388,ITPL Main Rd,o{gnAo~hyM}A_Do@eB{@}AQe@m@eA[]m@Y{@Sm@Aw@Ju@^c@d@Ud@Uj@}AxGe@dDOxCWfUI|EKxA}@~Eg@hCGb@REHGJQDSRTp@H@I[CIIGW@UPcAHKVC~@BR@~@A,2026-08-24T09:06:28+05:30,73.53333333333333,success
H1,Hoodi,2026-08-24T09:15:00+05:30,OFFICE,1952,391,388,ITPL Main Rd,o{gnAo~hyM}A_Do@eB{@}AQe@m@eA[]m@Y{@Sm@Aw@Ju@^c@d@Ud@Uj@}AxGe@dDOxCWfUI|EKxA}@~Eg@hCGb@REHGJQDSRTp@H@I[CIIGW@UPcAHKVC~@BR@~@A,2026-08-24T09:21:28+05:30,58.53333333333333,success
H1,Hoodi,2026-08-24T09:30:00+05:30,OFFICE,1952,391,389,ITPL Main Rd,o{gnAo~hyM}A_Do@eB{@}AQe@m@eA[]m@Y{@Sm@Aw@Ju@^c@d@Ud@Uj@}AxGe@dDOxCWfUI|EKxA}@~Eg@hCGb@REHGJQDSRTp@H@I[CIIGW@UPcAHKVC~@BR@~@A,2026-08-24T09:36:29+05:30,43.516666666666666,success
H1,Hoodi,2026-08-24T09:45:00+05:30,OFFICE,1952,391,382,ITPL Main Rd,o{gnAo~hyM}A_Do@eB{@}AQe@m@eA[]m@Y{@Sm@Aw@Ju@^c@d@Ud@Uj@}AxGe@dDOxCWfUI|EKxA}@~Eg@hCGb@REHGJQDSRTp@H@I[CIIGW@UPcAHKVC~@BR@~@A,2026-08-24T09:51:22+05:30,28.633333333333333,success
H1,Hoodi,2026-08-24T10:00:00+05:30,OFFICE,1952,391,390,ITPL Main Rd,o{gnAo~hyM}A_Do@eB{@}AQe@m@eA[]m@Y{@Sm@Aw@Ju@^c@d@Ud@Uj@}AxGe@dDOxCWfUI|EKxA}@~Eg@hCGb@REHGJQDSRTp@H@I[CIIGW@UPcAHKVC~@BR@~@A,2026-08-24T10:06:30+05:30,13.5,success
H2,Hoodi,2026-08-24T08:30:00+05:30,OFFICE,2388,494,513,ITPL Main Rd,ychnAahjyMqA^u@GKHId@]BkCi@gAS?hDCfCFf@L^PTv@r@nBzBnB`Cl@v@GVQCo@Ou@Eo@Dk@LUJm@`@MRCJ@V[v@}AxGe@dDOxCWfUI|EKxA}@~Eg@hCGb@REHGJQDSRTp@H@I[CIIGW@UPcAHKVC~@BR@~@A,2026-08-24T08:38:33+05:30,101.45,success
H2,Hoodi,2026-08-24T08:45:00+05:30,OFFICE,2388,494,530,ITPL Main Rd,ychnAahjyMqA^u@GKHId@]BkCi@gAS?hDCfCFf@L^PTv@r@nBzBnB`Cl@v@GVQCo@Ou@Eo@Dk@LUJm@`@MRCJ@V[v@}AxGe@dDOxCWfUI|EKxA}@~Eg@hCGb@REHGJQDSRTp@H@I[CIIGW@UPcAHKVC~@BR@~@A,2026-08-24T08:53:50+05:30,86.16666666666667,success
H2,Hoodi,2026-08-24T09:00:00+05:30,OFFICE,2388,494,582,ITPL Main Rd,ychnAahjyMqA^u@GKHId@]BkCi@gAS?hDCfCFf@L^PTv@r@nBzBnB`Cl@v@GVQCo@Ou@Eo@Dk@LUJm@`@MRCJ@V[v@}AxGe@dDOxCWfUI|EKxA}@~Eg@hCGb@REHGJQDSRTp@H@I[CIIGW@UPcAHKVC~@BR@~@A,2026-08-24T09:09:42+05:30,70.3,success
H2,Hoodi,2026-08-24T09:15:00+05:30,OFFICE,2388,494,590,ITPL Main Rd,ychnAahjyMqA^u@GKHId@]BkCi@gAS?hDCfCFf@L^PTv@r@nBzBnB`Cl@v@GVQCo@Ou@Eo@Dk@LUJm@`@MRCJ@V[v@}AxGe@dDOxCWfUI|EKxA}@~Eg@hCGb@REHGJQDSRTp@H@I[CIIGW@UPcAHKVC~@BR@~@A,2026-08-24T09:24:50+05:30,55.166666666666664,success
H2,Hoodi,2026-08-24T09:30:00+05:30,OFFICE,2388,494,550,ITPL Main Rd,ychnAahjyMqA^u@GKHId@]BkCi@gAS?hDCfCFf@L^PTv@r@nBzBnB`Cl@v@GVQCo@Ou@Eo@Dk@LUJm@`@MRCJ@V[v@}AxGe@dDOxCWfUI|EKxA}@~Eg@hCGb@REHGJQDSRTp@H@I[CIIGW@UPcAHKVC~@BR@~@A,2026-08-24T09:39:10+05:30,40.833333333333336,success
H2,Hoodi,2026-08-24T09:45:00+05:30,OFFICE,2388,494,523,ITPL Main Rd,ychnAahjyMqA^u@GKHId@]BkCi@gAS?hDCfCFf@L^PTv@r@nBzBnB`Cl@v@GVQCo@Ou@Eo@Dk@LUJm@`@MRCJ@V[v@}AxGe@dDOxCWfUI|EKxA}@~Eg@hCGb@REHGJQDSRTp@H@I[CIIGW@UPcAHKVC~@BR@~@A,2026-08-24T09:53:43+05:30,26.283333333333335,success
H2,Hoodi,2026-08-24T10:00:00+05:30,OFFICE,2388,494,535,ITPL Main Rd,ychnAahjyMqA^u@GKHId@]BkCi@gAS?hDCfCFf@L^PTv@r@nBzBnB`Cl@v@GVQCo@Ou@Eo@Dk@LUJm@`@MRCJ@V[v@}AxGe@dDOxCWfUI|EKxA}@~Eg@hCGb@REHGJQDSRTp@H@I[CIIGW@UPcAHKVC~@BR@~@A,2026-08-24T10:08:55+05:30,11.083333333333334,success
H3,Hoodi,2026-08-24T08:30:00+05:30,OFFICE,1921,395,406,Graphite India Main Rd/Kundalahalli Main Rd,qlfnAymhyM_Dj@uBVsAF}FDcCCIJ}@TwB^iKzB{FlAuDr@wJtBkCl@_@HIjBU~AuAjHGb@REHGJQDSRTp@H@I[CIIGW@UPcAHKVC~@BR@~@A,2026-08-24T08:36:46+05:30,103.23333333333333,success
H3,Hoodi,2026-08-24T08:45:00+05:30,OFFICE,1921,395,402,Graphite India Main Rd/Kundalahalli Main Rd,qlfnAymhyM_Dj@uBVsAF}FDcCCIJ}@TwB^iKzB{FlAuDr@wJtBkCl@_@HIjBU~AuAjHGb@REHGJQDSRTp@H@I[CIIGW@UPcAHKVC~@BR@~@A,2026-08-24T08:51:42+05:30,88.3,success
H3,Hoodi,2026-08-24T09:00:00+05:30,OFFICE,1921,395,416,Graphite India Main Rd/Kundalahalli Main Rd,qlfnAymhyM_Dj@uBVsAF}FDcCCIJ}@TwB^iKzB{FlAuDr@wJtBkCl@_@HIjBU~AuAjHGb@REHGJQDSRTp@H@I[CIIGW@UPcAHKVC~@BR@~@A,2026-08-24T09:06:56+05:30,73.06666666666666,success
H3,Hoodi,2026-08-24T09:15:00+05:30,OFFICE,1921,395,440,Graphite India Main Rd/Kundalahalli Main Rd,qlfnAymhyM_Dj@uBVsAF}FDcCCIJ}@TwB^iKzB{FlAuDr@wJtBkCl@_@HIjBU~AuAjHGb@REHGJQDSRTp@H@I[CIIGW@UPcAHKVC~@BR@~@A,2026-08-24T09:22:20+05:30,57.666666666666664,success
H3,Hoodi,2026-08-24T09:30:00+05:30,OFFICE,1921,395,454,Graphite India Main Rd/Kundalahalli Main Rd,qlfnAymhyM_Dj@uBVsAF}FDcCCIJ}@TwB^iKzB{FlAuDr@wJtBkCl@_@HIjBU~AuAjHGb@REHGJQDSRTp@H@I[CIIGW@UPcAHKVC~@BR@~@A,2026-08-24T09:37:34+05:30,42.43333333333333,success
H3,Hoodi,2026-08-24T09:45:00+05:30,OFFICE,1920,395,455,Graphite India Main Rd/Kundalahalli Main Rd,qlfnAymhyM_Dj@uBVsAF}FDcCCIJ}@TwB^iKzB{FlAuDr@wJtBkCl@_@HIjBU~AuAjHGb@REHGJQDSRTp@H@I[CIIGW@UPcAHKVC~@BR@~@A,2026-08-24T09:52:35+05:30,27.416666666666668,success
H3,Hoodi,2026-08-24T10:00:00+05:30,OFFICE,1921,395,463,Graphite India Main Rd/Kundalahalli Main Rd,qlfnAymhyM_Dj@uBVsAF}FDcCCIJ}@TwB^iKzB{FlAuDr@wJtBkCl@_@HIjBU~AuAjHGb@REHGJQDSRTp@H@I[CIIGW@UPcAHKVC~@BR@~@A,2026-08-24T10:07:43+05:30,12.283333333333333,success
D1,Doddanekkundi,2026-08-24T08:30:00+05:30,OFFICE,4436,932,998,Graphite India Main Rd/Kundalahalli Main Rd,yvdnAwzfyM@b@CVK@iMmAIGHgCBs@DMBAP@rA`@hBVnD`@n@HRA[{AsAuEWqA?UQWkAk@iAk@GE_@AFo@PgFJkHFuBsDdAMFKIiB{GgD|@}D`A_Dz@eBXw@JyANcByJeCf@uFfAgCZsAF}FDcCCIJ}@TwB^iKzB{FlAuDr@wJtBkCl@_@HIjBU~AuAjHGb@REHGJQDSRTp@H@I[CIIGW@UPcAHKVC~@BR@~@A,2026-08-24T08:46:38+05:30,93.36666666666666,success
D1,Doddanekkundi,2026-08-24T08:45:00+05:30,OFFICE,4436,932,1022,Graphite India Main Rd/Kundalahalli Main Rd,yvdnAwzfyM@b@CVK@iMmAIGHgCBs@DMBAP@rA`@hBVnD`@n@HRA[{AsAuEWqA?UQWkAk@iAk@GE_@AFo@PgFJkHFuBsDdAMFKIiB{GgD|@}D`A_Dz@eBXw@JyANcByJeCf@uFfAgCZsAF}FDcCCIJ}@TwB^iKzB{FlAuDr@wJtBkCl@_@HIjBU~AuAjHGb@REHGJQDSRTp@H@I[CIIGW@UPcAHKVC~@BR@~@A,2026-08-24T09:02:02+05:30,77.96666666666667,success
D1,Doddanekkundi,2026-08-24T09:00:00+05:30,OFFICE,4436,932,1054,Graphite India Main Rd/Kundalahalli Main Rd,yvdnAwzfyM@b@CVK@iMmAIGHgCBs@DMBAP@rA`@hBVnD`@n@HRA[{AsAuEWqA?UQWkAk@iAk@GE_@AFo@PgFJkHFuBsDdAMFKIiB{GgD|@}D`A_Dz@eBXw@JyANcByJeCf@uFfAgCZsAF}FDcCCIJ}@TwB^iKzB{FlAuDr@wJtBkCl@_@HIjBU~AuAjHGb@REHGJQDSRTp@H@I[CIIGW@UPcAHKVC~@BR@~@A,2026-08-24T09:17:34+05:30,62.43333333333333,success
D1,Doddanekkundi,2026-08-24T09:15:00+05:30,OFFICE,4436,932,1114,Graphite India Main Rd/Kundalahalli Main Rd,yvdnAwzfyM@b@CVK@iMmAIGHgCBs@DMBAP@rA`@hBVnD`@n@HRA[{AsAuEWqA?UQWkAk@iAk@GE_@AFo@PgFJkHFuBsDdAMFKIiB{GgD|@}D`A_Dz@eBXw@JyANcByJeCf@uFfAgCZsAF}FDcCCIJ}@TwB^iKzB{FlAuDr@wJtBkCl@_@HIjBU~AuAjHGb@REHGJQDSRTp@H@I[CIIGW@UPcAHKVC~@BR@~@A,2026-08-24T09:33:34+05:30,46.43333333333333,success
D1,Doddanekkundi,2026-08-24T09:30:00+05:30,OFFICE,4436,932,1125,Graphite India Main Rd/Kundalahalli Main Rd,yvdnAwzfyM@b@CVK@iMmAIGHgCBs@DMBAP@rA`@hBVnD`@n@HRA[{AsAuEWqA?UQWkAk@iAk@GE_@AFo@PgFJkHFuBsDdAMFKIiB{GgD|@}D`A_Dz@eBXw@JyANcByJeCf@uFfAgCZsAF}FDcCCIJ}@TwB^iKzB{FlAuDr@wJtBkCl@_@HIjBU~AuAjHGb@REHGJQDSRTp@H@I[CIIGW@UPcAHKVC~@BR@~@A,2026-08-24T09:48:45+05:30,31.25,success
D1,Doddanekkundi,2026-08-24T09:45:00+05:30,OFFICE,4436,932,1125,Graphite India Main Rd/Kundalahalli Main Rd,yvdnAwzfyM@b@CVK@iMmAIGHgCBs@DMBAP@rA`@hBVnD`@n@HRA[{AsAuEWqA?UQWkAk@iAk@GE_@AFo@PgFJkHFuBsDdAMFKIiB{GgD|@}D`A_Dz@eBXw@JyANcByJeCf@uFfAgCZsAF}FDcCCIJ}@TwB^iKzB{FlAuDr@wJtBkCl@_@HIjBU~AuAjHGb@REHGJQDSRTp@H@I[CIIGW@UPcAHKVC~@BR@~@A,2026-08-24T10:03:45+05:30,16.25,success
D1,Doddanekkundi,2026-08-24T10:00:00+05:30,OFFICE,4436,932,1133,Graphite India Main Rd/Kundalahalli Main Rd,yvdnAwzfyM@b@CVK@iMmAIGHgCBs@DMBAP@rA`@hBVnD`@n@HRA[{AsAuEWqA?UQWkAk@iAk@GE_@AFo@PgFJkHFuBsDdAMFKIiB{GgD|@}D`A_Dz@eBXw@JyANcByJeCf@uFfAgCZsAF}FDcCCIJ}@TwB^iKzB{FlAuDr@wJtBkCl@_@HIjBU~AuAjHGb@REHGJQDSRTp@H@I[CIIGW@UPcAHKVC~@BR@~@A,2026-08-24T10:18:53+05:30,1.1166666666666667,success
D2,Doddanekkundi,2026-08-24T08:30:00+05:30,OFFICE,4689,1054,1098,Goshala Rd,{ienAy~fyMQzFsC_A}@UcDzIOLSDq@^o@zBUbBWlAc@vAa@~BCZNd@l@z@qBhAeACY@GEIO_@M_AQcCWsCe@]OqAq@{@MwBQ}BC[FqAaJGk@EG_@@{F|@gADsEJq@Hw@ZW?oB]_B_@eEs@BqA?w@eASCK@]p@{DReBtAT\kAv@wBT_AXyA\_CRiBtBwY{FlAuDr@wJtBkCl@_@HIjBU~AuAjHGb@REHGJQDSRTp@H@I[CIIGW@UPcAHKVC~@BR@~@A,2026-08-24T08:48:18+05:30,91.7,success
D2,Doddanekkundi,2026-08-24T08:45:00+05:30,OFFICE,4689,1054,1155,Goshala Rd,{ienAy~fyMQzFsC_A}@UcDzIOLSDq@^o@zBUbBWlAc@vAa@~BCZNd@l@z@qBhAeACY@GEIO_@M_AQcCWsCe@]OqAq@{@MwBQ}BC[FqAaJGk@EG_@@{F|@gADsEJq@Hw@ZW?oB]_B_@eEs@BqA?w@eASCK@]p@{DReBtAT\kAv@wBT_AXyA\_CRiBtBwY{FlAuDr@wJtBkCl@_@HIjBU~AuAjHGb@REHGJQDSRTp@H@I[CIIGW@UPcAHKVC~@BR@~@A,2026-08-24T09:04:15+05:30,75.75,success
D2,Doddanekkundi,2026-08-24T09:00:00+05:30,OFFICE,4689,1054,1160,Goshala Rd,{ienAy~fyMQzFsC_A}@UcDzIOLSDq@^o@zBUbBWlAc@vAa@~BCZNd@l@z@qBhAeACY@GEIO_@M_AQcCWsCe@]OqAq@{@MwBQ}BC[FqAaJGk@EG_@@{F|@gADsEJq@Hw@ZW?oB]_B_@eEs@BqA?w@eASCK@]p@{DReBtAT\kAv@wBT_AXyA\_CRiBtBwY{FlAuDr@wJtBkCl@_@HIjBU~AuAjHGb@REHGJQDSRTp@H@I[CIIGW@UPcAHKVC~@BR@~@A,2026-08-24T09:19:20+05:30,60.666666666666664,success
D2,Doddanekkundi,2026-08-24T09:15:00+05:30,OFFICE,4689,1054,1177,Goshala Rd,{ienAy~fyMQzFsC_A}@UcDzIOLSDq@^o@zBUbBWlAc@vAa@~BCZNd@l@z@qBhAeACY@GEIO_@M_AQcCWsCe@]OqAq@{@MwBQ}BC[FqAaJGk@EG_@@{F|@gADsEJq@Hw@ZW?oB]_B_@eEs@BqA?w@eASCK@]p@{DReBtAT\kAv@wBT_AXyA\_CRiBtBwY{FlAuDr@wJtBkCl@_@HIjBU~AuAjHGb@REHGJQDSRTp@H@I[CIIGW@UPcAHKVC~@BR@~@A,2026-08-24T09:34:37+05:30,45.38333333333333,success
D2,Doddanekkundi,2026-08-24T09:30:00+05:30,OFFICE,4689,1054,1181,Goshala Rd,{ienAy~fyMQzFsC_A}@UcDzIOLSDq@^o@zBUbBWlAc@vAa@~BCZNd@l@z@qBhAeACY@GEIO_@M_AQcCWsCe@]OqAq@{@MwBQ}BC[FqAaJGk@EG_@@{F|@gADsEJq@Hw@ZW?oB]_B_@eEs@BqA?w@eASCK@]p@{DReBtAT\kAv@wBT_AXyA\_CRiBtBwY{FlAuDr@wJtBkCl@_@HIjBU~AuAjHGb@REHGJQDSRTp@H@I[CIIGW@UPcAHKVC~@BR@~@A,2026-08-24T09:49:41+05:30,30.316666666666666,success
D2,Doddanekkundi,2026-08-24T09:45:00+05:30,OFFICE,4689,1054,1189,Goshala Rd,{ienAy~fyMQzFsC_A}@UcDzIOLSDq@^o@zBUbBWlAc@vAa@~BCZNd@l@z@qBhAeACY@GEIO_@M_AQcCWsCe@]OqAq@{@MwBQ}BC[FqAaJGk@EG_@@{F|@gADsEJq@Hw@ZW?oB]_B_@eEs@BqA?w@eASCK@]p@{DReBtAT\kAv@wBT_AXyA\_CRiBtBwY{FlAuDr@wJtBkCl@_@HIjBU~AuAjHGb@REHGJQDSRTp@H@I[CIIGW@UPcAHKVC~@BR@~@A,2026-08-24T10:04:49+05:30,15.183333333333334,success
D2,Doddanekkundi,2026-08-24T10:00:00+05:30,OFFICE,4689,1054,1217,Goshala Rd,{ienAy~fyMQzFsC_A}@UcDzIOLSDq@^o@zBUbBWlAc@vAa@~BCZNd@l@z@qBhAeACY@GEIO_@M_AQcCWsCe@]OqAq@{@MwBQ}BC[FqAaJGk@EG_@@{F|@gADsEJq@Hw@ZW?oB]_B_@eEs@BqA?w@eASCK@]p@{DReBtAT\kAv@wBT_AXyA\_CRiBtBwY{FlAuDr@wJtBkCl@_@HIjBU~AuAjHGb@REHGJQDSRTp@H@I[CIIGW@UPcAHKVC~@BR@~@A,2026-08-24T10:20:17+05:30,-0.2833333333333333,success
D3,Doddanekkundi,2026-08-24T08:30:00+05:30,OFFICE,4802,845,950,Graphite India Main Rd/Kundalahalli Main Rd,c_fnA{yeyMpDmBfD}AvEgCnE}B`DcBtCcBxBmAVY@M~@oBn@qA@YwAiGsAuEWqA?UQWkAk@iAk@GE_@AFo@PgFJkHFuBsDdAMFKIiB{GgD|@}D`A_Dz@eBXw@JyANcByJeCf@uFfAgCZsAF}FDcCCIJ}@TwB^iKzB{FlAuDr@wJtBkCl@_@HIjBU~AuAjHGb@REHGJQDSRTp@H@I[CIIGW@UPcAHKVC~@BR@~@A,2026-08-24T08:45:50+05:30,94.16666666666667,success
D3,Doddanekkundi,2026-08-24T08:45:00+05:30,OFFICE,4802,845,982,Graphite India Main Rd/Kundalahalli Main Rd,c_fnA{yeyMpDmBfD}AvEgCnE}B`DcBtCcBxBmAVY@M~@oBn@qA@YwAiGsAuEWqA?UQWkAk@iAk@GE_@AFo@PgFJkHFuBsDdAMFKIiB{GgD|@}D`A_Dz@eBXw@JyANcByJeCf@uFfAgCZsAF}FDcCCIJ}@TwB^iKzB{FlAuDr@wJtBkCl@_@HIjBU~AuAjHGb@REHGJQDSRTp@H@I[CIIGW@UPcAHKVC~@BR@~@A,2026-08-24T09:01:22+05:30,78.63333333333334,success
D3,Doddanekkundi,2026-08-24T09:00:00+05:30,OFFICE,4802,845,1044,Graphite India Main Rd/Kundalahalli Main Rd,c_fnA{yeyMpDmBfD}AvEgCnE}B`DcBtCcBxBmAVY@M~@oBn@qA@YwAiGsAuEWqA?UQWkAk@iAk@GE_@AFo@PgFJkHFuBsDdAMFKIiB{GgD|@}D`A_Dz@eBXw@JyANcByJeCf@uFfAgCZsAF}FDcCCIJ}@TwB^iKzB{FlAuDr@wJtBkCl@_@HIjBU~AuAjHGb@REHGJQDSRTp@H@I[CIIGW@UPcAHKVC~@BR@~@A,2026-08-24T09:17:24+05:30,62.6,success
D3,Doddanekkundi,2026-08-24T09:15:00+05:30,OFFICE,4802,845,1095,Graphite India Main Rd/Kundalahalli Main Rd,c_fnA{yeyMpDmBfD}AvEgCnE}B`DcBtCcBxBmAVY@M~@oBn@qA@YwAiGsAuEWqA?UQWkAk@iAk@GE_@AFo@PgFJkHFuBsDdAMFKIiB{GgD|@}D`A_Dz@eBXw@JyANcByJeCf@uFfAgCZsAF}FDcCCIJ}@TwB^iKzB{FlAuDr@wJtBkCl@_@HIjBU~AuAjHGb@REHGJQDSRTp@H@I[CIIGW@UPcAHKVC~@BR@~@A,2026-08-24T09:33:15+05:30,46.75,success
D3,Doddanekkundi,2026-08-24T09:30:00+05:30,OFFICE,4802,845,1088,Graphite India Main Rd/Kundalahalli Main Rd,c_fnA{yeyMpDmBfD}AvEgCnE}B`DcBtCcBxBmAVY@M~@oBn@qA@YwAiGsAuEWqA?UQWkAk@iAk@GE_@AFo@PgFJkHFuBsDdAMFKIiB{GgD|@}D`A_Dz@eBXw@JyANcByJeCf@uFfAgCZsAF}FDcCCIJ}@TwB^iKzB{FlAuDr@wJtBkCl@_@HIjBU~AuAjHGb@REHGJQDSRTp@H@I[CIIGW@UPcAHKVC~@BR@~@A,2026-08-24T09:48:08+05:30,31.866666666666667,success
D3,Doddanekkundi,2026-08-24T09:45:00+05:30,OFFICE,4802,845,1081,Graphite India Main Rd/Kundalahalli Main Rd,c_fnA{yeyMpDmBfD}AvEgCnE}B`DcBtCcBxBmAVY@M~@oBn@qA@YwAiGsAuEWqA?UQWkAk@iAk@GE_@AFo@PgFJkHFuBsDdAMFKIiB{GgD|@}D`A_Dz@eBXw@JyANcByJeCf@uFfAgCZsAF}FDcCCIJ}@TwB^iKzB{FlAuDr@wJtBkCl@_@HIjBU~AuAjHGb@REHGJQDSRTp@H@I[CIIGW@UPcAHKVC~@BR@~@A,2026-08-24T10:03:01+05:30,16.983333333333334,success
D3,Doddanekkundi,2026-08-24T10:00:00+05:30,OFFICE,4802,845,1095,Graphite India Main Rd/Kundalahalli Main Rd,c_fnA{yeyMpDmBfD}AvEgCnE}B`DcBtCcBxBmAVY@M~@oBn@qA@YwAiGsAuEWqA?UQWkAk@iAk@GE_@AFo@PgFJkHFuBsDdAMFKIiB{GgD|@}D`A_Dz@eBXw@JyANcByJeCf@uFfAgCZsAF}FDcCCIJ}@TwB^iKzB{FlAuDr@wJtBkCl@_@HIjBU~AuAjHGb@REHGJQDSRTp@H@I[CIIGW@UPcAHKVC~@BR@~@A,2026-08-24T10:18:15+05:30,1.75,success
K1,Kaggadasapura,2026-08-24T08:30:00+05:30,OFFICE,6688,1369,1400,ITPL Main Rd,sjfnAgtbyMk@Kd@aEkCi@iASw@OcAK]Jk@XiAz@U^g@WcAtBQHwEQm@BgDv@aAH{Ep@eAHWCSQM]SwACa@{IeA{Ew@gFs@eAIGFg@nEGDaBJeECAj@YpBCbBIdBBHIb@ETGRgAi@o@U[GeBE_@GUOy@w@{@[e@Gq@?QBsA~Bu@~A[\[BcDBeBFc@Do@NGkEDoB?e@IwB@aAOUGy@CuAXoLDiKH}DLoCd@yCH]^_AfAiBzDuDh@o@v@qAZm@rBmF`A_D\yAp@gCpAqFX_AvAgEZqARaBn@_IRuA~AiHl@gDrAyIv@cEJ}@tAyHHu@ZDU~AuAjHGb@REHGJQDSRTp@H@I[CIIGW@UPcAHKVC~@BR@~@A,2026-08-24T08:53:20+05:30,86.66666666666667,success
K1,Kaggadasapura,2026-08-24T08:45:00+05:30,OFFICE,6688,1369,1392,ITPL Main Rd,sjfnAgtbyMk@Kd@aEkCi@iASw@OcAK]Jk@XiAz@U^g@WcAtBQHwEQm@BgDv@aAH{Ep@eAHWCSQM]SwACa@{IeA{Ew@gFs@eAIGFg@nEGDaBJeECAj@YpBCbBIdBBHIb@ETGRgAi@o@U[GeBE_@GUOy@w@{@[e@Gq@?QBsA~Bu@~A[\[BcDBeBFc@Do@NGkEDoB?e@IwB@aAOUGy@CuAXoLDiKH}DLoCd@yCH]^_AfAiBzDuDh@o@v@qAZm@rBmF`A_D\yAp@gCpAqFX_AvAgEZqARaBn@_IRuA~AiHl@gDrAyIv@cEJ}@tAyHHu@ZDU~AuAjHGb@REHGJQDSRTp@H@I[CIIGW@UPcAHKVC~@BR@~@A,2026-08-24T09:08:12+05:30,71.8,success
K1,Kaggadasapura,2026-08-24T09:00:00+05:30,OFFICE,6688,1369,1432,ITPL Main Rd,sjfnAgtbyMk@Kd@aEkCi@iASw@OcAK]Jk@XiAz@U^g@WcAtBQHwEQm@BgDv@aAH{Ep@eAHWCSQM]SwACa@{IeA{Ew@gFs@eAIGFg@nEGDaBJeECAj@YpBCbBIdBBHIb@ETGRgAi@o@U[GeBE_@GUOy@w@{@[e@Gq@?QBsA~Bu@~A[\[BcDBeBFc@Do@NGkEDoB?e@IwB@aAOUGy@CuAXoLDiKH}DLoCd@yCH]^_AfAiBzDuDh@o@v@qAZm@rBmF`A_D\yAp@gCpAqFX_AvAgEZqARaBn@_IRuA~AiHl@gDrAyIv@cEJ}@tAyHHu@ZDU~AuAjHGb@REHGJQDSRTp@H@I[CIIGW@UPcAHKVC~@BR@~@A,2026-08-24T09:23:52+05:30,56.13333333333333,success
K1,Kaggadasapura,2026-08-24T09:15:00+05:30,OFFICE,6688,1369,1402,ITPL Main Rd,sjfnAgtbyMk@Kd@aEkCi@iASw@OcAK]Jk@XiAz@U^g@WcAtBQHwEQm@BgDv@aAH{Ep@eAHWCSQM]SwACa@{IeA{Ew@gFs@eAIGFg@nEGDaBJeECAj@YpBCbBIdBBHIb@ETGRgAi@o@U[GeBE_@GUOy@w@{@[e@Gq@?QBsA~Bu@~A[\[BcDBeBFc@Do@NGkEDoB?e@IwB@aAOUGy@CuAXoLDiKH}DLoCd@yCH]^_AfAiBzDuDh@o@v@qAZm@rBmF`A_D\yAp@gCpAqFX_AvAgEZqARaBn@_IRuA~AiHl@gDrAyIv@cEJ}@tAyHHu@ZDU~AuAjHGb@REHGJQDSRTp@H@I[CIIGW@UPcAHKVC~@BR@~@A,2026-08-24T09:38:22+05:30,41.63333333333333,success
K1,Kaggadasapura,2026-08-24T09:30:00+05:30,OFFICE,6688,1369,1454,ITPL Main Rd,sjfnAgtbyMk@Kd@aEkCi@iASw@OcAK]Jk@XiAz@U^g@WcAtBQHwEQm@BgDv@aAH{Ep@eAHWCSQM]SwACa@{IeA{Ew@gFs@eAIGFg@nEGDaBJeECAj@YpBCbBIdBBHIb@ETGRgAi@o@U[GeBE_@GUOy@w@{@[e@Gq@?QBsA~Bu@~A[\[BcDBeBFc@Do@NGkEDoB?e@IwB@aAOUGy@CuAXoLDiKH}DLoCd@yCH]^_AfAiBzDuDh@o@v@qAZm@rBmF`A_D\yAp@gCpAqFX_AvAgEZqARaBn@_IRuA~AiHl@gDrAyIv@cEJ}@tAyHHu@ZDU~AuAjHGb@REHGJQDSRTp@H@I[CIIGW@UPcAHKVC~@BR@~@A,2026-08-24T09:54:14+05:30,25.766666666666666,success
K1,Kaggadasapura,2026-08-24T09:45:00+05:30,OFFICE,6688,1369,1432,ITPL Main Rd,sjfnAgtbyMk@Kd@aEkCi@iASw@OcAK]Jk@XiAz@U^g@WcAtBQHwEQm@BgDv@aAH{Ep@eAHWCSQM]SwACa@{IeA{Ew@gFs@eAIGFg@nEGDaBJeECAj@YpBCbBIdBBHIb@ETGRgAi@o@U[GeBE_@GUOy@w@{@[e@Gq@?QBsA~Bu@~A[\[BcDBeBFc@Do@NGkEDoB?e@IwB@aAOUGy@CuAXoLDiKH}DLoCd@yCH]^_AfAiBzDuDh@o@v@qAZm@rBmF`A_D\yAp@gCpAqFX_AvAgEZqARaBn@_IRuA~AiHl@gDrAyIv@cEJ}@tAyHHu@ZDU~AuAjHGb@REHGJQDSRTp@H@I[CIIGW@UPcAHKVC~@BR@~@A,2026-08-24T10:08:52+05:30,11.133333333333333,success
K1,Kaggadasapura,2026-08-24T10:00:00+05:30,OFFICE,6688,1369,1446,ITPL Main Rd,sjfnAgtbyMk@Kd@aEkCi@iASw@OcAK]Jk@XiAz@U^g@WcAtBQHwEQm@BgDv@aAH{Ep@eAHWCSQM]SwACa@{IeA{Ew@gFs@eAIGFg@nEGDaBJeECAj@YpBCbBIdBBHIb@ETGRgAi@o@U[GeBE_@GUOy@w@{@[e@Gq@?QBsA~Bu@~A[\[BcDBeBFc@Do@NGkEDoB?e@IwB@aAOUGy@CuAXoLDiKH}DLoCd@yCH]^_AfAiBzDuDh@o@v@qAZm@rBmF`A_D\yAp@gCpAqFX_AvAgEZqARaBn@_IRuA~AiHl@gDrAyIv@cEJ}@tAyHHu@ZDU~AuAjHGb@REHGJQDSRTp@H@I[CIIGW@UPcAHKVC~@BR@~@A,2026-08-24T10:24:06+05:30,-4.1,success
K2,Kaggadasapura,2026-08-24T08:30:00+05:30,OFFICE,6808,1362,1396,ITPL Main Rd,acgnAczayMp@mCNw@h@mEb@oFRmBN}AHWlAaCg@WcAtBQHwEQm@BgDv@aAH{Ep@eAHWCSQM]SwACa@{IeA{Ew@gFs@eAIGFg@nEGDaBJeECAj@YpBCbBIdBBHIb@ETGRgAi@o@U[GeBE_@GUOy@w@{@[e@Gq@?QBsA~Bu@~A[\[BcDBeBFc@Do@NGkEDoB?e@IwB@aAOUGy@CuAXoLDiKH}DLoCd@yCH]^_AfAiBzDuDh@o@v@qAZm@rBmF`A_D\yAp@gCpAqFX_AvAgEZqARaBn@_IRuA~AiHl@gDrAyIv@cEJ}@tAyHHu@ZDU~AuAjHGb@REHGJQDSRTp@H@I[CIIGW@UPcAHKVC~@BR@~@A,2026-08-24T08:53:16+05:30,86.73333333333333,success
K2,Kaggadasapura,2026-08-24T08:45:00+05:30,OFFICE,6808,1362,1388,ITPL Main Rd,acgnAczayMp@mCNw@h@mEb@oFRmBN}AHWlAaCg@WcAtBQHwEQm@BgDv@aAH{Ep@eAHWCSQM]SwACa@{IeA{Ew@gFs@eAIGFg@nEGDaBJeECAj@YpBCbBIdBBHIb@ETGRgAi@o@U[GeBE_@GUOy@w@{@[e@Gq@?QBsA~Bu@~A[\[BcDBeBFc@Do@NGkEDoB?e@IwB@aAOUGy@CuAXoLDiKH}DLoCd@yCH]^_AfAiBzDuDh@o@v@qAZm@rBmF`A_D\yAp@gCpAqFX_AvAgEZqARaBn@_IRuA~AiHl@gDrAyIv@cEJ}@tAyHHu@ZDU~AuAjHGb@REHGJQDSRTp@H@I[CIIGW@UPcAHKVC~@BR@~@A,2026-08-24T09:08:08+05:30,71.86666666666666,success
K2,Kaggadasapura,2026-08-24T09:00:00+05:30,OFFICE,6808,1362,1436,ITPL Main Rd,acgnAczayMp@mCNw@h@mEb@oFRmBN}AHWlAaCg@WcAtBQHwEQm@BgDv@aAH{Ep@eAHWCSQM]SwACa@{IeA{Ew@gFs@eAIGFg@nEGDaBJeECAj@YpBCbBIdBBHIb@ETGRgAi@o@U[GeBE_@GUOy@w@{@[e@Gq@?QBsA~Bu@~A[\[BcDBeBFc@Do@NGkEDoB?e@IwB@aAOUGy@CuAXoLDiKH}DLoCd@yCH]^_AfAiBzDuDh@o@v@qAZm@rBmF`A_D\yAp@gCpAqFX_AvAgEZqARaBn@_IRuA~AiHl@gDrAyIv@cEJ}@tAyHHu@ZDU~AuAjHGb@REHGJQDSRTp@H@I[CIIGW@UPcAHKVC~@BR@~@A,2026-08-24T09:23:56+05:30,56.06666666666667,success
K2,Kaggadasapura,2026-08-24T09:15:00+05:30,OFFICE,6808,1362,1396,ITPL Main Rd,acgnAczayMp@mCNw@h@mEb@oFRmBN}AHWlAaCg@WcAtBQHwEQm@BgDv@aAH{Ep@eAHWCSQM]SwACa@{IeA{Ew@gFs@eAIGFg@nEGDaBJeECAj@YpBCbBIdBBHIb@ETGRgAi@o@U[GeBE_@GUOy@w@{@[e@Gq@?QBsA~Bu@~A[\[BcDBeBFc@Do@NGkEDoB?e@IwB@aAOUGy@CuAXoLDiKH}DLoCd@yCH]^_AfAiBzDuDh@o@v@qAZm@rBmF`A_D\yAp@gCpAqFX_AvAgEZqARaBn@_IRuA~AiHl@gDrAyIv@cEJ}@tAyHHu@ZDU~AuAjHGb@REHGJQDSRTp@H@I[CIIGW@UPcAHKVC~@BR@~@A,2026-08-24T09:38:16+05:30,41.733333333333334,success
K2,Kaggadasapura,2026-08-24T09:30:00+05:30,OFFICE,6808,1362,1441,ITPL Main Rd,acgnAczayMp@mCNw@h@mEb@oFRmBN}AHWlAaCg@WcAtBQHwEQm@BgDv@aAH{Ep@eAHWCSQM]SwACa@{IeA{Ew@gFs@eAIGFg@nEGDaBJeECAj@YpBCbBIdBBHIb@ETGRgAi@o@U[GeBE_@GUOy@w@{@[e@Gq@?QBsA~Bu@~A[\[BcDBeBFc@Do@NGkEDoB?e@IwB@aAOUGy@CuAXoLDiKH}DLoCd@yCH]^_AfAiBzDuDh@o@v@qAZm@rBmF`A_D\yAp@gCpAqFX_AvAgEZqARaBn@_IRuA~AiHl@gDrAyIv@cEJ}@tAyHHu@ZDU~AuAjHGb@REHGJQDSRTp@H@I[CIIGW@UPcAHKVC~@BR@~@A,2026-08-24T09:54:01+05:30,25.983333333333334,success
K2,Kaggadasapura,2026-08-24T09:45:00+05:30,OFFICE,6808,1362,1418,ITPL Main Rd,acgnAczayMp@mCNw@h@mEb@oFRmBN}AHWlAaCg@WcAtBQHwEQm@BgDv@aAH{Ep@eAHWCSQM]SwACa@{IeA{Ew@gFs@eAIGFg@nEGDaBJeECAj@YpBCbBIdBBHIb@ETGRgAi@o@U[GeBE_@GUOy@w@{@[e@Gq@?QBsA~Bu@~A[\[BcDBeBFc@Do@NGkEDoB?e@IwB@aAOUGy@CuAXoLDiKH}DLoCd@yCH]^_AfAiBzDuDh@o@v@qAZm@rBmF`A_D\yAp@gCpAqFX_AvAgEZqARaBn@_IRuA~AiHl@gDrAyIv@cEJ}@tAyHHu@ZDU~AuAjHGb@REHGJQDSRTp@H@I[CIIGW@UPcAHKVC~@BR@~@A,2026-08-24T10:08:38+05:30,11.366666666666667,success
K2,Kaggadasapura,2026-08-24T10:00:00+05:30,OFFICE,6808,1362,1435,ITPL Main Rd,acgnAczayMp@mCNw@h@mEb@oFRmBN}AHWlAaCg@WcAtBQHwEQm@BgDv@aAH{Ep@eAHWCSQM]SwACa@{IeA{Ew@gFs@eAIGFg@nEGDaBJeECAj@YpBCbBIdBBHIb@ETGRgAi@o@U[GeBE_@GUOy@w@{@[e@Gq@?QBsA~Bu@~A[\[BcDBeBFc@Do@NGkEDoB?e@IwB@aAOUGy@CuAXoLDiKH}DLoCd@yCH]^_AfAiBzDuDh@o@v@qAZm@rBmF`A_D\yAp@gCpAqFX_AvAgEZqARaBn@_IRuA~AiHl@gDrAyIv@cEJ}@tAyHHu@ZDU~AuAjHGb@REHGJQDSRTp@H@I[CIIGW@UPcAHKVC~@BR@~@A,2026-08-24T10:23:55+05:30,-3.9166666666666665,success
K3,Kaggadasapura,2026-08-24T08:30:00+05:30,OFFICE,7580,1553,1613,ITPL Main Rd,qoenAinayM@_@KwBAeAS?UKKMFq@Hc@O_@_A_A{@m@kBq@oB_@ODOF_PmB[MMOs@wAOe@i@KKaA@oBHuAEIg@_@_@_@oAy@YKiCSlAaCg@WcAtBQHwEQm@BgDv@aAH{Ep@eAHWCSQM]SwACa@{IeA{Ew@gFs@eAIGFg@nEGDaBJeECAj@YpBCbBIdBBHIb@ETGRgAi@o@U[GeBE_@GUOy@w@{@[e@Gq@?QBsA~Bu@~A[\[BcDBeBFc@Do@NGkEDoB?e@IwB@aAOUGy@CuAXoLDiKH}DLoCd@yCH]^_AfAiBzDuDh@o@v@qAZm@rBmF`A_D\yAp@gCpAqFX_AvAgEZqARaBn@_IRuA~AiHl@gDrAyIv@cEJ}@tAyHHu@ZDU~AuAjHGb@REHGJQDSRTp@H@I[CIIGW@UPcAHKVC~@BR@~@A,2026-08-24T08:56:53+05:30,83.11666666666666,success
K3,Kaggadasapura,2026-08-24T08:45:00+05:30,OFFICE,7580,1553,1599,ITPL Main Rd,qoenAinayM@_@KwBAeAS?UKKMFq@Hc@O_@_A_A{@m@kBq@oB_@ODOF_PmB[MMOs@wAOe@i@KKaA@oBHuAEIg@_@_@_@oAy@YKiCSlAaCg@WcAtBQHwEQm@BgDv@aAH{Ep@eAHWCSQM]SwACa@{IeA{Ew@gFs@eAIGFg@nEGDaBJeECAj@YpBCbBIdBBHIb@ETGRgAi@o@U[GeBE_@GUOy@w@{@[e@Gq@?QBsA~Bu@~A[\[BcDBeBFc@Do@NGkEDoB?e@IwB@aAOUGy@CuAXoLDiKH}DLoCd@yCH]^_AfAiBzDuDh@o@v@qAZm@rBmF`A_D\yAp@gCpAqFX_AvAgEZqARaBn@_IRuA~AiHl@gDrAyIv@cEJ}@tAyHHu@ZDU~AuAjHGb@REHGJQDSRTp@H@I[CIIGW@UPcAHKVC~@BR@~@A,2026-08-24T09:11:39+05:30,68.35,success
K3,Kaggadasapura,2026-08-24T09:00:00+05:30,OFFICE,7580,1553,1633,ITPL Main Rd,qoenAinayM@_@KwBAeAS?UKKMFq@Hc@O_@_A_A{@m@kBq@oB_@ODOF_PmB[MMOs@wAOe@i@KKaA@oBHuAEIg@_@_@_@oAy@YKiCSlAaCg@WcAtBQHwEQm@BgDv@aAH{Ep@eAHWCSQM]SwACa@{IeA{Ew@gFs@eAIGFg@nEGDaBJeECAj@YpBCbBIdBBHIb@ETGRgAi@o@U[GeBE_@GUOy@w@{@[e@Gq@?QBsA~Bu@~A[\[BcDBeBFc@Do@NGkEDoB?e@IwB@aAOUGy@CuAXoLDiKH}DLoCd@yCH]^_AfAiBzDuDh@o@v@qAZm@rBmF`A_D\yAp@gCpAqFX_AvAgEZqARaBn@_IRuA~AiHl@gDrAyIv@cEJ}@tAyHHu@ZDU~AuAjHGb@REHGJQDSRTp@H@I[CIIGW@UPcAHKVC~@BR@~@A,2026-08-24T09:27:13+05:30,52.78333333333333,success
K3,Kaggadasapura,2026-08-24T09:15:00+05:30,OFFICE,7580,1553,1595,ITPL Main Rd,qoenAinayM@_@KwBAeAS?UKKMFq@Hc@O_@_A_A{@m@kBq@oB_@ODOF_PmB[MMOs@wAOe@i@KKaA@oBHuAEIg@_@_@_@oAy@YKiCSlAaCg@WcAtBQHwEQm@BgDv@aAH{Ep@eAHWCSQM]SwACa@{IeA{Ew@gFs@eAIGFg@nEGDaBJeECAj@YpBCbBIdBBHIb@ETGRgAi@o@U[GeBE_@GUOy@w@{@[e@Gq@?QBsA~Bu@~A[\[BcDBeBFc@Do@NGkEDoB?e@IwB@aAOUGy@CuAXoLDiKH}DLoCd@yCH]^_AfAiBzDuDh@o@v@qAZm@rBmF`A_D\yAp@gCpAqFX_AvAgEZqARaBn@_IRuA~AiHl@gDrAyIv@cEJ}@tAyHHu@ZDU~AuAjHGb@REHGJQDSRTp@H@I[CIIGW@UPcAHKVC~@BR@~@A,2026-08-24T09:41:35+05:30,38.416666666666664,success
K3,Kaggadasapura,2026-08-24T09:30:00+05:30,OFFICE,7580,1553,1626,ITPL Main Rd,qoenAinayM@_@KwBAeAS?UKKMFq@Hc@O_@_A_A{@m@kBq@oB_@ODOF_PmB[MMOs@wAOe@i@KKaA@oBHuAEIg@_@_@_@oAy@YKiCSlAaCg@WcAtBQHwEQm@BgDv@aAH{Ep@eAHWCSQM]SwACa@{IeA{Ew@gFs@eAIGFg@nEGDaBJeECAj@YpBCbBIdBBHIb@ETGRgAi@o@U[GeBE_@GUOy@w@{@[e@Gq@?QBsA~Bu@~A[\[BcDBeBFc@Do@NGkEDoB?e@IwB@aAOUGy@CuAXoLDiKH}DLoCd@yCH]^_AfAiBzDuDh@o@v@qAZm@rBmF`A_D\yAp@gCpAqFX_AvAgEZqARaBn@_IRuA~AiHl@gDrAyIv@cEJ}@tAyHHu@ZDU~AuAjHGb@REHGJQDSRTp@H@I[CIIGW@UPcAHKVC~@BR@~@A,2026-08-24T09:57:06+05:30,22.9,success
K3,Kaggadasapura,2026-08-24T09:45:00+05:30,OFFICE,7580,1553,1605,ITPL Main Rd,qoenAinayM@_@KwBAeAS?UKKMFq@Hc@O_@_A_A{@m@kBq@oB_@ODOF_PmB[MMOs@wAOe@i@KKaA@oBHuAEIg@_@_@_@oAy@YKiCSlAaCg@WcAtBQHwEQm@BgDv@aAH{Ep@eAHWCSQM]SwACa@{IeA{Ew@gFs@eAIGFg@nEGDaBJeECAj@YpBCbBIdBBHIb@ETGRgAi@o@U[GeBE_@GUOy@w@{@[e@Gq@?QBsA~Bu@~A[\[BcDBeBFc@Do@NGkEDoB?e@IwB@aAOUGy@CuAXoLDiKH}DLoCd@yCH]^_AfAiBzDuDh@o@v@qAZm@rBmF`A_D\yAp@gCpAqFX_AvAgEZqARaBn@_IRuA~AiHl@gDrAyIv@cEJ}@tAyHHu@ZDU~AuAjHGb@REHGJQDSRTp@H@I[CIIGW@UPcAHKVC~@BR@~@A,2026-08-24T10:11:45+05:30,8.25,success
K3,Kaggadasapura,2026-08-24T10:00:00+05:30,OFFICE,7580,1553,1619,ITPL Main Rd,qoenAinayM@_@KwBAeAS?UKKMFq@Hc@O_@_A_A{@m@kBq@oB_@ODOF_PmB[MMOs@wAOe@i@KKaA@oBHuAEIg@_@_@_@oAy@YKiCSlAaCg@WcAtBQHwEQm@BgDv@aAH{Ep@eAHWCSQM]SwACa@{IeA{Ew@gFs@eAIGFg@nEGDaBJeECAj@YpBCbBIdBBHIb@ETGRgAi@o@U[GeBE_@GUOy@w@{@[e@Gq@?QBsA~Bu@~A[\[BcDBeBFc@Do@NGkEDoB?e@IwB@aAOUGy@CuAXoLDiKH}DLoCd@yCH]^_AfAiBzDuDh@o@v@qAZm@rBmF`A_D\yAp@gCpAqFX_AvAgEZqARaBn@_IRuA~AiHl@gDrAyIv@cEJ}@tAyHHu@ZDU~AuAjHGb@REHGJQDSRTp@H@I[CIIGW@UPcAHKVC~@BR@~@A,2026-08-24T10:26:59+05:30,-6.983333333333333,success
V1,Vibhutipura,2026-08-24T08:30:00+05:30,OFFICE,8795,1857,1913,ITPL Main Rd,}ddnAkfdyMIhA?LVj@JNLF~AXtBV@Am@fDKv@S~@O`@_@tDKx@IxBo@LwDbBg@LmAHoAFe@HEFwBrKmApHuCg@s@QmAUwBg@cCg@iDeAo@GWAcADaBAeEQUAwAW_Go@}@GmCg@}Bc@kB]cAK]Jk@XiAz@U^g@WcAtBQHwEQm@BgDv@aAH{Ep@eAHWCSQM]SwACa@{IeA{Ew@gFs@eAIGFg@nEGDaBJeECAj@YpBCbBIdBBHIb@ETGRgAi@o@U[GeBE_@GUOy@w@{@[e@Gq@?QBsA~Bu@~A[\[BcDBeBFc@Do@NGkEDoB?e@IwB@aAOUGy@CuAXoLDiKH}DLoCd@yCH]^_AfAiBzDuDh@o@v@qAZm@rBmF`A_D\yAp@gCpAqFX_AvAgEZqARaBn@_IRuA~AiHl@gDrAyIv@cEJ}@tAyHHu@ZDU~AuAjHGb@REHGJQDSRTp@H@I[CIIGW@UPcAHKVC~@BR@~@A,2026-08-24T09:01:53+05:30,78.11666666666666,success
V1,Vibhutipura,2026-08-24T08:45:00+05:30,OFFICE,8795,1857,1931,ITPL Main Rd,}ddnAkfdyMIhA?LVj@JNLF~AXtBV@Am@fDKv@S~@O`@_@tDKx@IxBo@LwDbBg@LmAHoAFe@HEFwBrKmApHuCg@s@QmAUwBg@cCg@iDeAo@GWAcADaBAeEQUAwAW_Go@}@GmCg@}Bc@kB]cAK]Jk@XiAz@U^g@WcAtBQHwEQm@BgDv@aAH{Ep@eAHWCSQM]SwACa@{IeA{Ew@gFs@eAIGFg@nEGDaBJeECAj@YpBCbBIdBBHIb@ETGRgAi@o@U[GeBE_@GUOy@w@{@[e@Gq@?QBsA~Bu@~A[\[BcDBeBFc@Do@NGkEDoB?e@IwB@aAOUGy@CuAXoLDiKH}DLoCd@yCH]^_AfAiBzDuDh@o@v@qAZm@rBmF`A_D\yAp@gCpAqFX_AvAgEZqARaBn@_IRuA~AiHl@gDrAyIv@cEJ}@tAyHHu@ZDU~AuAjHGb@REHGJQDSRTp@H@I[CIIGW@UPcAHKVC~@BR@~@A,2026-08-24T09:17:11+05:30,62.81666666666667,success
V1,Vibhutipura,2026-08-24T09:00:00+05:30,OFFICE,8795,1857,1909,ITPL Main Rd,}ddnAkfdyMIhA?LVj@JNLF~AXtBV@Am@fDKv@S~@O`@_@tDKx@IxBo@LwDbBg@LmAHoAFe@HEFwBrKmApHuCg@s@QmAUwBg@cCg@iDeAo@GWAcADaBAeEQUAwAW_Go@}@GmCg@}Bc@kB]cAK]Jk@XiAz@U^g@WcAtBQHwEQm@BgDv@aAH{Ep@eAHWCSQM]SwACa@{IeA{Ew@gFs@eAIGFg@nEGDaBJeECAj@YpBCbBIdBBHIb@ETGRgAi@o@U[GeBE_@GUOy@w@{@[e@Gq@?QBsA~Bu@~A[\[BcDBeBFc@Do@NGkEDoB?e@IwB@aAOUGy@CuAXoLDiKH}DLoCd@yCH]^_AfAiBzDuDh@o@v@qAZm@rBmF`A_D\yAp@gCpAqFX_AvAgEZqARaBn@_IRuA~AiHl@gDrAyIv@cEJ}@tAyHHu@ZDU~AuAjHGb@REHGJQDSRTp@H@I[CIIGW@UPcAHKVC~@BR@~@A,2026-08-24T09:31:49+05:30,48.18333333333333,success
V1,Vibhutipura,2026-08-24T09:15:00+05:30,OFFICE,8795,1857,1941,ITPL Main Rd,}ddnAkfdyMIhA?LVj@JNLF~AXtBV@Am@fDKv@S~@O`@_@tDKx@IxBo@LwDbBg@LmAHoAFe@HEFwBrKmApHuCg@s@QmAUwBg@cCg@iDeAo@GWAcADaBAeEQUAwAW_Go@}@GmCg@}Bc@kB]cAK]Jk@XiAz@U^g@WcAtBQHwEQm@BgDv@aAH{Ep@eAHWCSQM]SwACa@{IeA{Ew@gFs@eAIGFg@nEGDaBJeECAj@YpBCbBIdBBHIb@ETGRgAi@o@U[GeBE_@GUOy@w@{@[e@Gq@?QBsA~Bu@~A[\[BcDBeBFc@Do@NGkEDoB?e@IwB@aAOUGy@CuAXoLDiKH}DLoCd@yCH]^_AfAiBzDuDh@o@v@qAZm@rBmF`A_D\yAp@gCpAqFX_AvAgEZqARaBn@_IRuA~AiHl@gDrAyIv@cEJ}@tAyHHu@ZDU~AuAjHGb@REHGJQDSRTp@H@I[CIIGW@UPcAHKVC~@BR@~@A,2026-08-24T09:47:21+05:30,32.65,success
V1,Vibhutipura,2026-08-24T09:30:00+05:30,OFFICE,8795,1857,1921,ITPL Main Rd,}ddnAkfdyMIhA?LVj@JNLF~AXtBV@Am@fDKv@S~@O`@_@tDKx@IxBo@LwDbBg@LmAHoAFe@HEFwBrKmApHuCg@s@QmAUwBg@cCg@iDeAo@GWAcADaBAeEQUAwAW_Go@}@GmCg@}Bc@kB]cAK]Jk@XiAz@U^g@WcAtBQHwEQm@BgDv@aAH{Ep@eAHWCSQM]SwACa@{IeA{Ew@gFs@eAIGFg@nEGDaBJeECAj@YpBCbBIdBBHIb@ETGRgAi@o@U[GeBE_@GUOy@w@{@[e@Gq@?QBsA~Bu@~A[\[BcDBeBFc@Do@NGkEDoB?e@IwB@aAOUGy@CuAXoLDiKH}DLoCd@yCH]^_AfAiBzDuDh@o@v@qAZm@rBmF`A_D\yAp@gCpAqFX_AvAgEZqARaBn@_IRuA~AiHl@gDrAyIv@cEJ}@tAyHHu@ZDU~AuAjHGb@REHGJQDSRTp@H@I[CIIGW@UPcAHKVC~@BR@~@A,2026-08-24T10:02:01+05:30,17.983333333333334,success
V1,Vibhutipura,2026-08-24T09:45:00+05:30,OFFICE,8795,1857,1943,ITPL Main Rd,}ddnAkfdyMIhA?LVj@JNLF~AXtBV@Am@fDKv@S~@O`@_@tDKx@IxBo@LwDbBg@LmAHoAFe@HEFwBrKmApHuCg@s@QmAUwBg@cCg@iDeAo@GWAcADaBAeEQUAwAW_Go@}@GmCg@}Bc@kB]cAK]Jk@XiAz@U^g@WcAtBQHwEQm@BgDv@aAH{Ep@eAHWCSQM]SwACa@{IeA{Ew@gFs@eAIGFg@nEGDaBJeECAj@YpBCbBIdBBHIb@ETGRgAi@o@U[GeBE_@GUOy@w@{@[e@Gq@?QBsA~Bu@~A[\[BcDBeBFc@Do@NGkEDoB?e@IwB@aAOUGy@CuAXoLDiKH}DLoCd@yCH]^_AfAiBzDuDh@o@v@qAZm@rBmF`A_D\yAp@gCpAqFX_AvAgEZqARaBn@_IRuA~AiHl@gDrAyIv@cEJ}@tAyHHu@ZDU~AuAjHGb@REHGJQDSRTp@H@I[CIIGW@UPcAHKVC~@BR@~@A,2026-08-24T10:17:23+05:30,2.6166666666666667,success
V1,Vibhutipura,2026-08-24T10:00:00+05:30,OFFICE,8795,1857,1952,ITPL Main Rd,}ddnAkfdyMIhA?LVj@JNLF~AXtBV@Am@fDKv@S~@O`@_@tDKx@IxBo@LwDbBg@LmAHoAFe@HEFwBrKmApHuCg@s@QmAUwBg@cCg@iDeAo@GWAcADaBAeEQUAwAW_Go@}@GmCg@}Bc@kB]cAK]Jk@XiAz@U^g@WcAtBQHwEQm@BgDv@aAH{Ep@eAHWCSQM]SwACa@{IeA{Ew@gFs@eAIGFg@nEGDaBJeECAj@YpBCbBIdBBHIb@ETGRgAi@o@U[GeBE_@GUOy@w@{@[e@Gq@?QBsA~Bu@~A[\[BcDBeBFc@Do@NGkEDoB?e@IwB@aAOUGy@CuAXoLDiKH}DLoCd@yCH]^_AfAiBzDuDh@o@v@qAZm@rBmF`A_D\yAp@gCpAqFX_AvAgEZqARaBn@_IRuA~AiHl@gDrAyIv@cEJ}@tAyHHu@ZDU~AuAjHGb@REHGJQDSRTp@H@I[CIIGW@UPcAHKVC~@BR@~@A,2026-08-24T10:32:32+05:30,-12.533333333333333,success
V2,Vibhutipura,2026-08-24T08:30:00+05:30,OFFICE,9728,1779,1940,Doddanekundi Main Rd,czcnAu_cyM@}@IkD?iChEIh@GnBq@f@Kl@CVB^Hf@RrC~Ad@PfATxCVjE`ApCd@r@BtC`@b@Lr@^`AVp@@rEM\H\V`AfBZVh@TzE~ATDpHcAb@?XHRu@De@B_@IeD[kIg@kIo@{Ms@oJ]eCw@iHS{BkBLqOjBsRvByFt@[EQMK]g@sFOUkAc@oKyDwBi@}Cc@i@EQIgEi@cJgBqBW]@M`@UnCqAJmACm@Oe@Y_AKu@EiC_@wF{@i@EcK_@_E[_Cu@IEeACY@GEIO_@M_AQcCWsCe@]OqAq@{@MwBQ}BC[FqAaJGk@EG_@@{F|@gADsEJq@Hw@ZW?oB]_B_@eEs@BqA?w@eASCK@]p@{DReBtAT\kAv@wBT_AXyA\_CRiBtBwY{FlAuDr@wJtBkCl@_@HIjBU~AuAjHGb@REHGJQDSRTp@H@I[CIIGW@UPcAHKVC~@BR@~@A,2026-08-24T09:02:20+05:30,77.66666666666667,success
V2,Vibhutipura,2026-08-24T08:45:00+05:30,OFFICE,9728,1779,1978,Doddanekundi Main Rd,czcnAu_cyM@}@IkD?iChEIh@GnBq@f@Kl@CVB^Hf@RrC~Ad@PfATxCVjE`ApCd@r@BtC`@b@Lr@^`AVp@@rEM\H\V`AfBZVh@TzE~ATDpHcAb@?XHRu@De@B_@IeD[kIg@kIo@{Ms@oJ]eCw@iHS{BkBLqOjBsRvByFt@[EQMK]g@sFOUkAc@oKyDwBi@}Cc@i@EQIgEi@cJgBqBW]@M`@UnCqAJmACm@Oe@Y_AKu@EiC_@wF{@i@EcK_@_E[_Cu@IEeACY@GEIO_@M_AQcCWsCe@]OqAq@{@MwBQ}BC[FqAaJGk@EG_@@{F|@gADsEJq@Hw@ZW?oB]_B_@eEs@BqA?w@eASCK@]p@{DReBtAT\kAv@wBT_AXyA\_CRiBtBwY{FlAuDr@wJtBkCl@_@HIjBU~AuAjHGb@REHGJQDSRTp@H@I[CIIGW@UPcAHKVC~@BR@~@A,2026-08-24T09:17:58+05:30,62.03333333333333,success
V2,Vibhutipura,2026-08-24T09:00:00+05:30,OFFICE,9728,1779,2047,Doddanekundi Main Rd,czcnAu_cyM@}@IkD?iChEIh@GnBq@f@Kl@CVB^Hf@RrC~Ad@PfATxCVjE`ApCd@r@BtC`@b@Lr@^`AVp@@rEM\H\V`AfBZVh@TzE~ATDpHcAb@?XHRu@De@B_@IeD[kIg@kIo@{Ms@oJ]eCw@iHS{BkBLqOjBsRvByFt@[EQMK]g@sFOUkAc@oKyDwBi@}Cc@i@EQIgEi@cJgBqBW]@M`@UnCqAJmACm@Oe@Y_AKu@EiC_@wF{@i@EcK_@_E[_Cu@IEeACY@GEIO_@M_AQcCWsCe@]OqAq@{@MwBQ}BC[FqAaJGk@EG_@@{F|@gADsEJq@Hw@ZW?oB]_B_@eEs@BqA?w@eASCK@]p@{DReBtAT\kAv@wBT_AXyA\_CRiBtBwY{FlAuDr@wJtBkCl@_@HIjBU~AuAjHGb@REHGJQDSRTp@H@I[CIIGW@UPcAHKVC~@BR@~@A,2026-08-24T09:34:07+05:30,45.88333333333333,success
V2,Vibhutipura,2026-08-24T09:15:00+05:30,OFFICE,9728,1779,2128,Doddanekundi Main Rd,czcnAu_cyM@}@IkD?iChEIh@GnBq@f@Kl@CVB^Hf@RrC~Ad@PfATxCVjE`ApCd@r@BtC`@b@Lr@^`AVp@@rEM\H\V`AfBZVh@TzE~ATDpHcAb@?XHRu@De@B_@IeD[kIg@kIo@{Ms@oJ]eCw@iHS{BkBLqOjBsRvByFt@[EQMK]g@sFOUkAc@oKyDwBi@}Cc@i@EQIgEi@cJgBqBW]@M`@UnCqAJmACm@Oe@Y_AKu@EiC_@wF{@i@EcK_@_E[_Cu@IEeACY@GEIO_@M_AQcCWsCe@]OqAq@{@MwBQ}BC[FqAaJGk@EG_@@{F|@gADsEJq@Hw@ZW?oB]_B_@eEs@BqA?w@eASCK@]p@{DReBtAT\kAv@wBT_AXyA\_CRiBtBwY{FlAuDr@wJtBkCl@_@HIjBU~AuAjHGb@REHGJQDSRTp@H@I[CIIGW@UPcAHKVC~@BR@~@A,2026-08-24T09:50:28+05:30,29.533333333333335,success
V2,Vibhutipura,2026-08-24T09:30:00+05:30,OFFICE,9728,1779,2173,Doddanekundi Main Rd,czcnAu_cyM@}@IkD?iChEIh@GnBq@f@Kl@CVB^Hf@RrC~Ad@PfATxCVjE`ApCd@r@BtC`@b@Lr@^`AVp@@rEM\H\V`AfBZVh@TzE~ATDpHcAb@?XHRu@De@B_@IeD[kIg@kIo@{Ms@oJ]eCw@iHS{BkBLqOjBsRvByFt@[EQMK]g@sFOUkAc@oKyDwBi@}Cc@i@EQIgEi@cJgBqBW]@M`@UnCqAJmACm@Oe@Y_AKu@EiC_@wF{@i@EcK_@_E[_Cu@IEeACY@GEIO_@M_AQcCWsCe@]OqAq@{@MwBQ}BC[FqAaJGk@EG_@@{F|@gADsEJq@Hw@ZW?oB]_B_@eEs@BqA?w@eASCK@]p@{DReBtAT\kAv@wBT_AXyA\_CRiBtBwY{FlAuDr@wJtBkCl@_@HIjBU~AuAjHGb@REHGJQDSRTp@H@I[CIIGW@UPcAHKVC~@BR@~@A,2026-08-24T10:06:13+05:30,13.783333333333333,success
V2,Vibhutipura,2026-08-24T09:45:00+05:30,OFFICE,9728,1779,2230,Doddanekundi Main Rd,czcnAu_cyM@}@IkD?iChEIh@GnBq@f@Kl@CVB^Hf@RrC~Ad@PfATxCVjE`ApCd@r@BtC`@b@Lr@^`AVp@@rEM\H\V`AfBZVh@TzE~ATDpHcAb@?XHRu@De@B_@IeD[kIg@kIo@{Ms@oJ]eCw@iHS{BkBLqOjBsRvByFt@[EQMK]g@sFOUkAc@oKyDwBi@}Cc@i@EQIgEi@cJgBqBW]@M`@UnCqAJmACm@Oe@Y_AKu@EiC_@wF{@i@EcK_@_E[_Cu@IEeACY@GEIO_@M_AQcCWsCe@]OqAq@{@MwBQ}BC[FqAaJGk@EG_@@{F|@gADsEJq@Hw@ZW?oB]_B_@eEs@BqA?w@eASCK@]p@{DReBtAT\kAv@wBT_AXyA\_CRiBtBwY{FlAuDr@wJtBkCl@_@HIjBU~AuAjHGb@REHGJQDSRTp@H@I[CIIGW@UPcAHKVC~@BR@~@A,2026-08-24T10:22:10+05:30,-2.1666666666666665,success
V2,Vibhutipura,2026-08-24T10:00:00+05:30,OFFICE,9728,1779,2251,Doddanekundi Main Rd,czcnAu_cyM@}@IkD?iChEIh@GnBq@f@Kl@CVB^Hf@RrC~Ad@PfATxCVjE`ApCd@r@BtC`@b@Lr@^`AVp@@rEM\H\V`AfBZVh@TzE~ATDpHcAb@?XHRu@De@B_@IeD[kIg@kIo@{Ms@oJ]eCw@iHS{BkBLqOjBsRvByFt@[EQMK]g@sFOUkAc@oKyDwBi@}Cc@i@EQIgEi@cJgBqBW]@M`@UnCqAJmACm@Oe@Y_AKu@EiC_@wF{@i@EcK_@_E[_Cu@IEeACY@GEIO_@M_AQcCWsCe@]OqAq@{@MwBQ}BC[FqAaJGk@EG_@@{F|@gADsEJq@Hw@ZW?oB]_B_@eEs@BqA?w@eASCK@]p@{DReBtAT\kAv@wBT_AXyA\_CRiBtBwY{FlAuDr@wJtBkCl@_@HIjBU~AuAjHGb@REHGJQDSRTp@H@I[CIIGW@UPcAHKVC~@BR@~@A,2026-08-24T10:37:31+05:30,-17.516666666666666,success
V3,Vibhutipura,2026-08-24T08:30:00+05:30,OFFICE,9579,1938,2108,Doddanekundi Main Rd,klcnAgybyMW|AhCVrATdBaFT}@He@\sGD[dCTjE`ApCd@r@BtC`@b@Lr@^`AVp@@rEM\H\V`AfBZVh@TzE~ATDpHcAb@?XHRu@De@B_@IeD[kIg@kIo@{Ms@oJ]eCw@iHS{BkBLqOjBsRvByFt@[EQMK]g@sFOUkAc@oKyDwBi@}Cc@i@EQIgEi@cJgBqBW]@M`@UnCqAJmACm@Oe@Y_AKu@EiC_@wF{@i@EcK_@_E[_Cu@IEeACY@GEIO_@M_AQcCWsCe@]OqAq@{@MwBQ}BC[FqAaJGk@EG_@@{F|@gADsEJq@Hw@ZW?oB]_B_@eEs@BqA?w@eASCK@]p@{DReBtAT\kAv@wBT_AXyA\_CRiBtBwY{FlAuDr@wJtBkCl@_@HIjBU~AuAjHGb@REHGJQDSRTp@H@I[CIIGW@UPcAHKVC~@BR@~@A,2026-08-24T09:05:08+05:30,74.86666666666666,success
V3,Vibhutipura,2026-08-24T08:45:00+05:30,OFFICE,9579,1938,2157,Doddanekundi Main Rd,klcnAgybyMW|AhCVrATdBaFT}@He@\sGD[dCTjE`ApCd@r@BtC`@b@Lr@^`AVp@@rEM\H\V`AfBZVh@TzE~ATDpHcAb@?XHRu@De@B_@IeD[kIg@kIo@{Ms@oJ]eCw@iHS{BkBLqOjBsRvByFt@[EQMK]g@sFOUkAc@oKyDwBi@}Cc@i@EQIgEi@cJgBqBW]@M`@UnCqAJmACm@Oe@Y_AKu@EiC_@wF{@i@EcK_@_E[_Cu@IEeACY@GEIO_@M_AQcCWsCe@]OqAq@{@MwBQ}BC[FqAaJGk@EG_@@{F|@gADsEJq@Hw@ZW?oB]_B_@eEs@BqA?w@eASCK@]p@{DReBtAT\kAv@wBT_AXyA\_CRiBtBwY{FlAuDr@wJtBkCl@_@HIjBU~AuAjHGb@REHGJQDSRTp@H@I[CIIGW@UPcAHKVC~@BR@~@A,2026-08-24T09:20:57+05:30,59.05,success
V3,Vibhutipura,2026-08-24T09:00:00+05:30,OFFICE,9579,1938,2257,Doddanekundi Main Rd,klcnAgybyMW|AhCVrATdBaFT}@He@\sGD[dCTjE`ApCd@r@BtC`@b@Lr@^`AVp@@rEM\H\V`AfBZVh@TzE~ATDpHcAb@?XHRu@De@B_@IeD[kIg@kIo@{Ms@oJ]eCw@iHS{BkBLqOjBsRvByFt@[EQMK]g@sFOUkAc@oKyDwBi@}Cc@i@EQIgEi@cJgBqBW]@M`@UnCqAJmACm@Oe@Y_AKu@EiC_@wF{@i@EcK_@_E[_Cu@IEeACY@GEIO_@M_AQcCWsCe@]OqAq@{@MwBQ}BC[FqAaJGk@EG_@@{F|@gADsEJq@Hw@ZW?oB]_B_@eEs@BqA?w@eASCK@]p@{DReBtAT\kAv@wBT_AXyA\_CRiBtBwY{FlAuDr@wJtBkCl@_@HIjBU~AuAjHGb@REHGJQDSRTp@H@I[CIIGW@UPcAHKVC~@BR@~@A,2026-08-24T09:37:37+05:30,42.38333333333333,success
V3,Vibhutipura,2026-08-24T09:15:00+05:30,OFFICE,9579,1938,2348,Doddanekundi Main Rd,klcnAgybyMW|AhCVrATdBaFT}@He@\sGD[dCTjE`ApCd@r@BtC`@b@Lr@^`AVp@@rEM\H\V`AfBZVh@TzE~ATDpHcAb@?XHRu@De@B_@IeD[kIg@kIo@{Ms@oJ]eCw@iHS{BkBLqOjBsRvByFt@[EQMK]g@sFOUkAc@oKyDwBi@}Cc@i@EQIgEi@cJgBqBW]@M`@UnCqAJmACm@Oe@Y_AKu@EiC_@wF{@i@EcK_@_E[_Cu@IEeACY@GEIO_@M_AQcCWsCe@]OqAq@{@MwBQ}BC[FqAaJGk@EG_@@{F|@gADsEJq@Hw@ZW?oB]_B_@eEs@BqA?w@eASCK@]p@{DReBtAT\kAv@wBT_AXyA\_CRiBtBwY{FlAuDr@wJtBkCl@_@HIjBU~AuAjHGb@REHGJQDSRTp@H@I[CIIGW@UPcAHKVC~@BR@~@A,2026-08-24T09:54:08+05:30,25.866666666666667,success
V3,Vibhutipura,2026-08-24T09:30:00+05:30,OFFICE,9579,1938,2329,Doddanekundi Main Rd,klcnAgybyMW|AhCVrATdBaFT}@He@\sGD[dCTjE`ApCd@r@BtC`@b@Lr@^`AVp@@rEM\H\V`AfBZVh@TzE~ATDpHcAb@?XHRu@De@B_@IeD[kIg@kIo@{Ms@oJ]eCw@iHS{BkBLqOjBsRvByFt@[EQMK]g@sFOUkAc@oKyDwBi@}Cc@i@EQIgEi@cJgBqBW]@M`@UnCqAJmACm@Oe@Y_AKu@EiC_@wF{@i@EcK_@_E[_Cu@IEeACY@GEIO_@M_AQcCWsCe@]OqAq@{@MwBQ}BC[FqAaJGk@EG_@@{F|@gADsEJq@Hw@ZW?oB]_B_@eEs@BqA?w@eASCK@]p@{DReBtAT\kAv@wBT_AXyA\_CRiBtBwY{FlAuDr@wJtBkCl@_@HIjBU~AuAjHGb@REHGJQDSRTp@H@I[CIIGW@UPcAHKVC~@BR@~@A,2026-08-24T10:08:49+05:30,11.183333333333334,success
V3,Vibhutipura,2026-08-24T09:45:00+05:30,OFFICE,9579,1938,2451,Doddanekundi Main Rd,klcnAgybyMW|AhCVrATdBaFT}@He@\sGD[dCTjE`ApCd@r@BtC`@b@Lr@^`AVp@@rEM\H\V`AfBZVh@TzE~ATDpHcAb@?XHRu@De@B_@IeD[kIg@kIo@{Ms@oJ]eCw@iHS{BkBLqOjBsRvByFt@[EQMK]g@sFOUkAc@oKyDwBi@}Cc@i@EQIgEi@cJgBqBW]@M`@UnCqAJmACm@Oe@Y_AKu@EiC_@wF{@i@EcK_@_E[_Cu@IEeACY@GEIO_@M_AQcCWsCe@]OqAq@{@MwBQ}BC[FqAaJGk@EG_@@{F|@gADsEJq@Hw@ZW?oB]_B_@eEs@BqA?w@eASCK@]p@{DReBtAT\kAv@wBT_AXyA\_CRiBtBwY{FlAuDr@wJtBkCl@_@HIjBU~AuAjHGb@REHGJQDSRTp@H@I[CIIGW@UPcAHKVC~@BR@~@A,2026-08-24T10:25:51+05:30,-5.85,success
V3,Vibhutipura,2026-08-24T10:00:00+05:30,OFFICE,9579,1938,2367,Doddanekundi Main Rd,klcnAgybyMW|AhCVrATdBaFT}@He@\sGD[dCTjE`ApCd@r@BtC`@b@Lr@^`AVp@@rEM\H\V`AfBZVh@TzE~ATDpHcAb@?XHRu@De@B_@IeD[kIg@kIo@{Ms@oJ]eCw@iHS{BkBLqOjBsRvByFt@[EQMK]g@sFOUkAc@oKyDwBi@}Cc@i@EQIgEi@cJgBqBW]@M`@UnCqAJmACm@Oe@Y_AKu@EiC_@wF{@i@EcK_@_E[_Cu@IEeACY@GEIO_@M_AQcCWsCe@]OqAq@{@MwBQ}BC[FqAaJGk@EG_@@{F|@gADsEJq@Hw@ZW?oB]_B_@eEs@BqA?w@eASCK@]p@{DReBtAT\kAv@wBT_AXyA\_CRiBtBwY{FlAuDr@wJtBkCl@_@HIjBU~AuAjHGb@REHGJQDSRTp@H@I[CIIGW@UPcAHKVC~@BR@~@A,2026-08-24T10:39:27+05:30,-19.45,success
B1,B. Narayanapura,2026-08-24T08:30:00+05:30,OFFICE,2724,562,530,ITPL Main Rd,}linA{fdyMg@U]Sg@a@iBkAyBmCUSh@o@v@qAZm@rBmF`A_D\yAp@gCpAqFX_AvAgEZqARaBn@_IRuA~AiHl@gDrAyIv@cEJ}@tAyHHu@ZDU~AuAjHGb@REHGJQDSRTp@H@I[CIIGW@UPcAHKVC~@BR@~@A,2026-08-24T08:38:50+05:30,101.16666666666667,success
B1,B. Narayanapura,2026-08-24T08:45:00+05:30,OFFICE,2724,562,538,ITPL Main Rd,}linA{fdyMg@U]Sg@a@iBkAyBmCUSh@o@v@qAZm@rBmF`A_D\yAp@gCpAqFX_AvAgEZqARaBn@_IRuA~AiHl@gDrAyIv@cEJ}@tAyHHu@ZDU~AuAjHGb@REHGJQDSRTp@H@I[CIIGW@UPcAHKVC~@BR@~@A,2026-08-24T08:53:58+05:30,86.03333333333333,success
B1,B. Narayanapura,2026-08-24T09:00:00+05:30,OFFICE,2724,562,546,ITPL Main Rd,}linA{fdyMg@U]Sg@a@iBkAyBmCUSh@o@v@qAZm@rBmF`A_D\yAp@gCpAqFX_AvAgEZqARaBn@_IRuA~AiHl@gDrAyIv@cEJ}@tAyHHu@ZDU~AuAjHGb@REHGJQDSRTp@H@I[CIIGW@UPcAHKVC~@BR@~@A,2026-08-24T09:09:06+05:30,70.9,success
B1,B. Narayanapura,2026-08-24T09:15:00+05:30,OFFICE,2724,562,566,ITPL Main Rd,}linA{fdyMg@U]Sg@a@iBkAyBmCUSh@o@v@qAZm@rBmF`A_D\yAp@gCpAqFX_AvAgEZqARaBn@_IRuA~AiHl@gDrAyIv@cEJ}@tAyHHu@ZDU~AuAjHGb@REHGJQDSRTp@H@I[CIIGW@UPcAHKVC~@BR@~@A,2026-08-24T09:24:26+05:30,55.56666666666667,success
B1,B. Narayanapura,2026-08-24T09:30:00+05:30,OFFICE,2724,562,568,ITPL Main Rd,}linA{fdyMg@U]Sg@a@iBkAyBmCUSh@o@v@qAZm@rBmF`A_D\yAp@gCpAqFX_AvAgEZqARaBn@_IRuA~AiHl@gDrAyIv@cEJ}@tAyHHu@ZDU~AuAjHGb@REHGJQDSRTp@H@I[CIIGW@UPcAHKVC~@BR@~@A,2026-08-24T09:39:28+05:30,40.53333333333333,success
B1,B. Narayanapura,2026-08-24T09:45:00+05:30,OFFICE,2724,562,579,ITPL Main Rd,}linA{fdyMg@U]Sg@a@iBkAyBmCUSh@o@v@qAZm@rBmF`A_D\yAp@gCpAqFX_AvAgEZqARaBn@_IRuA~AiHl@gDrAyIv@cEJ}@tAyHHu@ZDU~AuAjHGb@REHGJQDSRTp@H@I[CIIGW@UPcAHKVC~@BR@~@A,2026-08-24T09:54:39+05:30,25.35,success
B1,B. Narayanapura,2026-08-24T10:00:00+05:30,OFFICE,2724,562,589,ITPL Main Rd,}linA{fdyMg@U]Sg@a@iBkAyBmCUSh@o@v@qAZm@rBmF`A_D\yAp@gCpAqFX_AvAgEZqARaBn@_IRuA~AiHl@gDrAyIv@cEJ}@tAyHHu@ZDU~AuAjHGb@REHGJQDSRTp@H@I[CIIGW@UPcAHKVC~@BR@~@A,2026-08-24T10:09:49+05:30,10.183333333333334,success
B2,B. Narayanapura,2026-08-24T08:30:00+05:30,OFFICE,2892,594,578,ITPL Main Rd,}|hnAwtdyMFYmBi@eCs@sAk@mAq@y@_@kCk@{B|FYIrBmF`A_D\yAp@gCpAqFX_AvAgEZqARaBn@_IRuA~AiHl@gDrAyIv@cEJ}@tAyHHu@ZDU~AuAjHGb@REHGJQDSRTp@H@I[CIIGW@UPcAHKVC~@BR@~@A,2026-08-24T08:39:38+05:30,100.36666666666666,success
B2,B. Narayanapura,2026-08-24T08:45:00+05:30,OFFICE,2892,594,585,ITPL Main Rd,}|hnAwtdyMFYmBi@eCs@sAk@mAq@y@_@kCk@{B|FYIrBmF`A_D\yAp@gCpAqFX_AvAgEZqARaBn@_IRuA~AiHl@gDrAyIv@cEJ}@tAyHHu@ZDU~AuAjHGb@REHGJQDSRTp@H@I[CIIGW@UPcAHKVC~@BR@~@A,2026-08-24T08:54:45+05:30,85.25,success
B2,B. Narayanapura,2026-08-24T09:00:00+05:30,OFFICE,2892,594,591,ITPL Main Rd,}|hnAwtdyMFYmBi@eCs@sAk@mAq@y@_@kCk@{B|FYIrBmF`A_D\yAp@gCpAqFX_AvAgEZqARaBn@_IRuA~AiHl@gDrAyIv@cEJ}@tAyHHu@ZDU~AuAjHGb@REHGJQDSRTp@H@I[CIIGW@UPcAHKVC~@BR@~@A,2026-08-24T09:09:51+05:30,70.15,success
B2,B. Narayanapura,2026-08-24T09:15:00+05:30,OFFICE,2892,594,609,ITPL Main Rd,}|hnAwtdyMFYmBi@eCs@sAk@mAq@y@_@kCk@{B|FYIrBmF`A_D\yAp@gCpAqFX_AvAgEZqARaBn@_IRuA~AiHl@gDrAyIv@cEJ}@tAyHHu@ZDU~AuAjHGb@REHGJQDSRTp@H@I[CIIGW@UPcAHKVC~@BR@~@A,2026-08-24T09:25:09+05:30,54.85,success
B2,B. Narayanapura,2026-08-24T09:30:00+05:30,OFFICE,2892,594,614,ITPL Main Rd,}|hnAwtdyMFYmBi@eCs@sAk@mAq@y@_@kCk@{B|FYIrBmF`A_D\yAp@gCpAqFX_AvAgEZqARaBn@_IRuA~AiHl@gDrAyIv@cEJ}@tAyHHu@ZDU~AuAjHGb@REHGJQDSRTp@H@I[CIIGW@UPcAHKVC~@BR@~@A,2026-08-24T09:40:14+05:30,39.766666666666666,success
B2,B. Narayanapura,2026-08-24T09:45:00+05:30,OFFICE,2892,594,624,ITPL Main Rd,}|hnAwtdyMFYmBi@eCs@sAk@mAq@y@_@kCk@{B|FYIrBmF`A_D\yAp@gCpAqFX_AvAgEZqARaBn@_IRuA~AiHl@gDrAyIv@cEJ}@tAyHHu@ZDU~AuAjHGb@REHGJQDSRTp@H@I[CIIGW@UPcAHKVC~@BR@~@A,2026-08-24T09:55:24+05:30,24.6,success
B2,B. Narayanapura,2026-08-24T10:00:00+05:30,OFFICE,2892,594,631,ITPL Main Rd,}|hnAwtdyMFYmBi@eCs@sAk@mAq@y@_@kCk@{B|FYIrBmF`A_D\yAp@gCpAqFX_AvAgEZqARaBn@_IRuA~AiHl@gDrAyIv@cEJ}@tAyHHu@ZDU~AuAjHGb@REHGJQDSRTp@H@I[CIIGW@UPcAHKVC~@BR@~@A,2026-08-24T10:10:31+05:30,9.483333333333333,success
B3,B. Narayanapura,2026-08-24T08:30:00+05:30,OFFICE,3607,852,817,ITPL Main Rd,_uinAazcyM`@DQnBp@JvA^b@f@\~@LVvBmArFuDpA{@Gk@GqAGSiBmAsAw@_DgAwAq@]Sg@a@iBkAyBmCUSh@o@v@qAZm@rBmF`A_D\yAp@gCpAqFX_AvAgEZqARaBn@_IRuA~AiHl@gDrAyIv@cEJ}@tAyHHu@ZDU~AuAjHGb@REHGJQDSRTp@H@I[CIIGW@UPcAHKVC~@BR@~@A,2026-08-24T08:43:37+05:30,96.38333333333334,success
B3,B. Narayanapura,2026-08-24T08:45:00+05:30,OFFICE,3607,852,828,ITPL Main Rd,_uinAazcyM`@DQnBp@JvA^b@f@\~@LVvBmArFuDpA{@Gk@GqAGSiBmAsAw@_DgAwAq@]Sg@a@iBkAyBmCUSh@o@v@qAZm@rBmF`A_D\yAp@gCpAqFX_AvAgEZqARaBn@_IRuA~AiHl@gDrAyIv@cEJ}@tAyHHu@ZDU~AuAjHGb@REHGJQDSRTp@H@I[CIIGW@UPcAHKVC~@BR@~@A,2026-08-24T08:58:48+05:30,81.2,success
B3,B. Narayanapura,2026-08-24T09:00:00+05:30,OFFICE,3607,852,827,ITPL Main Rd,_uinAazcyM`@DQnBp@JvA^b@f@\~@LVvBmArFuDpA{@Gk@GqAGSiBmAsAw@_DgAwAq@]Sg@a@iBkAyBmCUSh@o@v@qAZm@rBmF`A_D\yAp@gCpAqFX_AvAgEZqARaBn@_IRuA~AiHl@gDrAyIv@cEJ}@tAyHHu@ZDU~AuAjHGb@REHGJQDSRTp@H@I[CIIGW@UPcAHKVC~@BR@~@A,2026-08-24T09:13:47+05:30,66.21666666666667,success
B3,B. Narayanapura,2026-08-24T09:15:00+05:30,OFFICE,3607,852,849,ITPL Main Rd,_uinAazcyM`@DQnBp@JvA^b@f@\~@LVvBmArFuDpA{@Gk@GqAGSiBmAsAw@_DgAwAq@]Sg@a@iBkAyBmCUSh@o@v@qAZm@rBmF`A_D\yAp@gCpAqFX_AvAgEZqARaBn@_IRuA~AiHl@gDrAyIv@cEJ}@tAyHHu@ZDU~AuAjHGb@REHGJQDSRTp@H@I[CIIGW@UPcAHKVC~@BR@~@A,2026-08-24T09:29:09+05:30,50.85,success
B3,B. Narayanapura,2026-08-24T09:30:00+05:30,OFFICE,3607,852,848,ITPL Main Rd,_uinAazcyM`@DQnBp@JvA^b@f@\~@LVvBmArFuDpA{@Gk@GqAGSiBmAsAw@_DgAwAq@]Sg@a@iBkAyBmCUSh@o@v@qAZm@rBmF`A_D\yAp@gCpAqFX_AvAgEZqARaBn@_IRuA~AiHl@gDrAyIv@cEJ}@tAyHHu@ZDU~AuAjHGb@REHGJQDSRTp@H@I[CIIGW@UPcAHKVC~@BR@~@A,2026-08-24T09:44:08+05:30,35.86666666666667,success
B3,B. Narayanapura,2026-08-24T09:45:00+05:30,OFFICE,3607,852,855,ITPL Main Rd,_uinAazcyM`@DQnBp@JvA^b@f@\~@LVvBmArFuDpA{@Gk@GqAGSiBmAsAw@_DgAwAq@]Sg@a@iBkAyBmCUSh@o@v@qAZm@rBmF`A_D\yAp@gCpAqFX_AvAgEZqARaBn@_IRuA~AiHl@gDrAyIv@cEJ}@tAyHHu@ZDU~AuAjHGb@REHGJQDSRTp@H@I[CIIGW@UPcAHKVC~@BR@~@A,2026-08-24T09:59:15+05:30,20.75,success
B3,B. Narayanapura,2026-08-24T10:00:00+05:30,OFFICE,3607,852,869,ITPL Main Rd,_uinAazcyM`@DQnBp@JvA^b@f@\~@LVvBmArFuDpA{@Gk@GqAGSiBmAsAw@_DgAwAq@]Sg@a@iBkAyBmCUSh@o@v@qAZm@rBmF`A_D\yAp@gCpAqFX_AvAgEZqARaBn@_IRuA~AiHl@gDrAyIv@cEJ}@tAyHHu@ZDU~AuAjHGb@REHGJQDSRTp@H@I[CIIGW@UPcAHKVC~@BR@~@A,2026-08-24T10:14:29+05:30,5.516666666666667,success
R1,KR Puram,2026-08-24T08:30:00+05:30,OFFICE,5378,1107,1420,"Devasandra Main Rd, Hoodi Main Rd আৰু ITPL Main Rd",kaknAutfyMHsBm@Ao@NQAkBi@ZmAZ{ATc@V{@VaAP_@LQ`@UB[JcCP}AzA{Gb@gC^yC?{@GcBHsCCsGMkIKqDIgB?o@LM\GdDCz@H`ATl@TR?PCn@_E^aEHMVIfCIv@GfEOPM`DeHLk@Bi@EyAGKA_@JOXE`GN^Ax@QbAa@n@YbAk@`@KjBCzAHVHj@VfAXb@LpAt@pC|Bp@n@nAxAXj@\^v@r@zFfHQCo@Ou@Eo@Dk@LUJm@`@MRCJ@V[v@}AxGe@dDOxCWfUI|EKxA}@~Eg@hCGb@REHGJQDSRTp@H@I[CIIGW@UPcAHKVC~@BR@~@A,2026-08-24T08:53:40+05:30,86.33333333333333,success
R1,KR Puram,2026-08-24T08:45:00+05:30,OFFICE,5378,1107,1493,"Devasandra Main Rd, Hoodi Main Rd আৰু ITPL Main Rd",kaknAutfyMHsBm@Ao@NQAkBi@ZmAZ{ATc@V{@VaAP_@LQ`@UB[JcCP}AzA{Gb@gC^yC?{@GcBHsCCsGMkIKqDIgB?o@LM\GdDCz@H`ATl@TR?PCn@_E^aEHMVIfCIv@GfEOPM`DeHLk@Bi@EyAGKA_@JOXE`GN^Ax@QbAa@n@YbAk@`@KjBCzAHVHj@VfAXb@LpAt@pC|Bp@n@nAxAXj@\^v@r@zFfHQCo@Ou@Eo@Dk@LUJm@`@MRCJ@V[v@}AxGe@dDOxCWfUI|EKxA}@~Eg@hCGb@REHGJQDSRTp@H@I[CIIGW@UPcAHKVC~@BR@~@A,2026-08-24T09:09:53+05:30,70.11666666666666,success
R1,KR Puram,2026-08-24T09:00:00+05:30,OFFICE,5378,1107,1473,"Devasandra Main Rd, Hoodi Main Rd আৰু ITPL Main Rd",kaknAutfyMHsBm@Ao@NQAkBi@ZmAZ{ATc@V{@VaAP_@LQ`@UB[JcCP}AzA{Gb@gC^yC?{@GcBHsCCsGMkIKqDIgB?o@LM\GdDCz@H`ATl@TR?PCn@_E^aEHMVIfCIv@GfEOPM`DeHLk@Bi@EyAGKA_@JOXE`GN^Ax@QbAa@n@YbAk@`@KjBCzAHVHj@VfAXb@LpAt@pC|Bp@n@nAxAXj@\^v@r@zFfHQCo@Ou@Eo@Dk@LUJm@`@MRCJ@V[v@}AxGe@dDOxCWfUI|EKxA}@~Eg@hCGb@REHGJQDSRTp@H@I[CIIGW@UPcAHKVC~@BR@~@A,2026-08-24T09:24:33+05:30,55.45,success
R1,KR Puram,2026-08-24T09:15:00+05:30,OFFICE,5378,1107,1479,"Devasandra Main Rd, Hoodi Main Rd আৰু ITPL Main Rd",kaknAutfyMHsBm@Ao@NQAkBi@ZmAZ{ATc@V{@VaAP_@LQ`@UB[JcCP}AzA{Gb@gC^yC?{@GcBHsCCsGMkIKqDIgB?o@LM\GdDCz@H`ATl@TR?PCn@_E^aEHMVIfCIv@GfEOPM`DeHLk@Bi@EyAGKA_@JOXE`GN^Ax@QbAa@n@YbAk@`@KjBCzAHVHj@VfAXb@LpAt@pC|Bp@n@nAxAXj@\^v@r@zFfHQCo@Ou@Eo@Dk@LUJm@`@MRCJ@V[v@}AxGe@dDOxCWfUI|EKxA}@~Eg@hCGb@REHGJQDSRTp@H@I[CIIGW@UPcAHKVC~@BR@~@A,2026-08-24T09:39:39+05:30,40.35,success
R1,KR Puram,2026-08-24T09:30:00+05:30,OFFICE,5378,1107,1472,"Devasandra Main Rd, Hoodi Main Rd আৰু ITPL Main Rd",kaknAutfyMHsBm@Ao@NQAkBi@ZmAZ{ATc@V{@VaAP_@LQ`@UB[JcCP}AzA{Gb@gC^yC?{@GcBHsCCsGMkIKqDIgB?o@LM\GdDCz@H`ATl@TR?PCn@_E^aEHMVIfCIv@GfEOPM`DeHLk@Bi@EyAGKA_@JOXE`GN^Ax@QbAa@n@YbAk@`@KjBCzAHVHj@VfAXb@LpAt@pC|Bp@n@nAxAXj@\^v@r@zFfHQCo@Ou@Eo@Dk@LUJm@`@MRCJ@V[v@}AxGe@dDOxCWfUI|EKxA}@~Eg@hCGb@REHGJQDSRTp@H@I[CIIGW@UPcAHKVC~@BR@~@A,2026-08-24T09:54:32+05:30,25.466666666666665,success
R1,KR Puram,2026-08-24T09:45:00+05:30,OFFICE,5378,1107,1468,"Devasandra Main Rd, Hoodi Main Rd আৰু ITPL Main Rd",kaknAutfyMHsBm@Ao@NQAkBi@ZmAZ{ATc@V{@VaAP_@LQ`@UB[JcCP}AzA{Gb@gC^yC?{@GcBHsCCsGMkIKqDIgB?o@LM\GdDCz@H`ATl@TR?PCn@_E^aEHMVIfCIv@GfEOPM`DeHLk@Bi@EyAGKA_@JOXE`GN^Ax@QbAa@n@YbAk@`@KjBCzAHVHj@VfAXb@LpAt@pC|Bp@n@nAxAXj@\^v@r@zFfHQCo@Ou@Eo@Dk@LUJm@`@MRCJ@V[v@}AxGe@dDOxCWfUI|EKxA}@~Eg@hCGb@REHGJQDSRTp@H@I[CIIGW@UPcAHKVC~@BR@~@A,2026-08-24T10:09:28+05:30,10.533333333333333,success
R1,KR Puram,2026-08-24T10:00:00+05:30,OFFICE,5378,1107,1473,"Devasandra Main Rd, Hoodi Main Rd আৰু ITPL Main Rd",kaknAutfyMHsBm@Ao@NQAkBi@ZmAZ{ATc@V{@VaAP_@LQ`@UB[JcCP}AzA{Gb@gC^yC?{@GcBHsCCsGMkIKqDIgB?o@LM\GdDCz@H`ATl@TR?PCn@_E^aEHMVIfCIv@GfEOPM`DeHLk@Bi@EyAGKA_@JOXE`GN^Ax@QbAa@n@YbAk@`@KjBCzAHVHj@VfAXb@LpAt@pC|Bp@n@nAxAXj@\^v@r@zFfHQCo@Ou@Eo@Dk@LUJm@`@MRCJ@V[v@}AxGe@dDOxCWfUI|EKxA}@~Eg@hCGb@REHGJQDSRTp@H@I[CIIGW@UPcAHKVC~@BR@~@A,2026-08-24T10:24:33+05:30,-4.55,success
R2,KR Puram,2026-08-24T08:30:00+05:30,OFFICE,4771,939,1250,Hoodi Main Rd আৰু ITPL Main Rd,i|knAazhyMF`@ENGJ?DYlAlDx@t@JpCNxA?|@KrDoAl@[h@OPCdA@rDHGqDKqDIgB?o@LM\GdDCz@H`ATl@TR?PCn@_E^aEHMVIfCIv@GfEOPM`DeHLk@Bi@EyAGKA_@JOXE`GN^Ax@QbAa@n@YbAk@`@KjBCzAHVHj@VfAXb@LpAt@pC|Bp@n@nAxAXj@\^v@r@zFfHQCo@Ou@Eo@Dk@LUJm@`@MRCJ@V[v@}AxGe@dDOxCWfUI|EKxA}@~Eg@hCGb@REHGJQDSRTp@H@I[CIIGW@UPcAHKVC~@BR@~@A,2026-08-24T08:50:50+05:30,89.16666666666667,success
R2,KR Puram,2026-08-24T08:45:00+05:30,OFFICE,4771,939,1318,Hoodi Main Rd আৰু ITPL Main Rd,i|knAazhyMF`@ENGJ?DYlAlDx@t@JpCNxA?|@KrDoAl@[h@OPCdA@rDHGqDKqDIgB?o@LM\GdDCz@H`ATl@TR?PCn@_E^aEHMVIfCIv@GfEOPM`DeHLk@Bi@EyAGKA_@JOXE`GN^Ax@QbAa@n@YbAk@`@KjBCzAHVHj@VfAXb@LpAt@pC|Bp@n@nAxAXj@\^v@r@zFfHQCo@Ou@Eo@Dk@LUJm@`@MRCJ@V[v@}AxGe@dDOxCWfUI|EKxA}@~Eg@hCGb@REHGJQDSRTp@H@I[CIIGW@UPcAHKVC~@BR@~@A,2026-08-24T09:06:58+05:30,73.03333333333333,success
R2,KR Puram,2026-08-24T09:00:00+05:30,OFFICE,4771,939,1299,Hoodi Main Rd আৰু ITPL Main Rd,i|knAazhyMF`@ENGJ?DYlAlDx@t@JpCNxA?|@KrDoAl@[h@OPCdA@rDHGqDKqDIgB?o@LM\GdDCz@H`ATl@TR?PCn@_E^aEHMVIfCIv@GfEOPM`DeHLk@Bi@EyAGKA_@JOXE`GN^Ax@QbAa@n@YbAk@`@KjBCzAHVHj@VfAXb@LpAt@pC|Bp@n@nAxAXj@\^v@r@zFfHQCo@Ou@Eo@Dk@LUJm@`@MRCJ@V[v@}AxGe@dDOxCWfUI|EKxA}@~Eg@hCGb@REHGJQDSRTp@H@I[CIIGW@UPcAHKVC~@BR@~@A,2026-08-24T09:21:39+05:30,58.35,success
R2,KR Puram,2026-08-24T09:15:00+05:30,OFFICE,4771,939,1303,Hoodi Main Rd আৰু ITPL Main Rd,i|knAazhyMF`@ENGJ?DYlAlDx@t@JpCNxA?|@KrDoAl@[h@OPCdA@rDHGqDKqDIgB?o@LM\GdDCz@H`ATl@TR?PCn@_E^aEHMVIfCIv@GfEOPM`DeHLk@Bi@EyAGKA_@JOXE`GN^Ax@QbAa@n@YbAk@`@KjBCzAHVHj@VfAXb@LpAt@pC|Bp@n@nAxAXj@\^v@r@zFfHQCo@Ou@Eo@Dk@LUJm@`@MRCJ@V[v@}AxGe@dDOxCWfUI|EKxA}@~Eg@hCGb@REHGJQDSRTp@H@I[CIIGW@UPcAHKVC~@BR@~@A,2026-08-24T09:36:43+05:30,43.28333333333333,success
R2,KR Puram,2026-08-24T09:30:00+05:30,OFFICE,4771,939,1304,Hoodi Main Rd আৰু ITPL Main Rd,i|knAazhyMF`@ENGJ?DYlAlDx@t@JpCNxA?|@KrDoAl@[h@OPCdA@rDHGqDKqDIgB?o@LM\GdDCz@H`ATl@TR?PCn@_E^aEHMVIfCIv@GfEOPM`DeHLk@Bi@EyAGKA_@JOXE`GN^Ax@QbAa@n@YbAk@`@KjBCzAHVHj@VfAXb@LpAt@pC|Bp@n@nAxAXj@\^v@r@zFfHQCo@Ou@Eo@Dk@LUJm@`@MRCJ@V[v@}AxGe@dDOxCWfUI|EKxA}@~Eg@hCGb@REHGJQDSRTp@H@I[CIIGW@UPcAHKVC~@BR@~@A,2026-08-24T09:51:44+05:30,28.266666666666666,success
R2,KR Puram,2026-08-24T09:45:00+05:30,OFFICE,4771,939,1302,Hoodi Main Rd আৰু ITPL Main Rd,i|knAazhyMF`@ENGJ?DYlAlDx@t@JpCNxA?|@KrDoAl@[h@OPCdA@rDHGqDKqDIgB?o@LM\GdDCz@H`ATl@TR?PCn@_E^aEHMVIfCIv@GfEOPM`DeHLk@Bi@EyAGKA_@JOXE`GN^Ax@QbAa@n@YbAk@`@KjBCzAHVHj@VfAXb@LpAt@pC|Bp@n@nAxAXj@\^v@r@zFfHQCo@Ou@Eo@Dk@LUJm@`@MRCJ@V[v@}AxGe@dDOxCWfUI|EKxA}@~Eg@hCGb@REHGJQDSRTp@H@I[CIIGW@UPcAHKVC~@BR@~@A,2026-08-24T10:06:42+05:30,13.3,success
R2,KR Puram,2026-08-24T10:00:00+05:30,OFFICE,4771,939,1330,Hoodi Main Rd আৰু ITPL Main Rd,i|knAazhyMF`@ENGJ?DYlAlDx@t@JpCNxA?|@KrDoAl@[h@OPCdA@rDHGqDKqDIgB?o@LM\GdDCz@H`ATl@TR?PCn@_E^aEHMVIfCIv@GfEOPM`DeHLk@Bi@EyAGKA_@JOXE`GN^Ax@QbAa@n@YbAk@`@KjBCzAHVHj@VfAXb@LpAt@pC|Bp@n@nAxAXj@\^v@r@zFfHQCo@Ou@Eo@Dk@LUJm@`@MRCJ@V[v@}AxGe@dDOxCWfUI|EKxA}@~Eg@hCGb@REHGJQDSRTp@H@I[CIIGW@UPcAHKVC~@BR@~@A,2026-08-24T10:22:10+05:30,-2.1666666666666665,success
R3,KR Puram,2026-08-24T08:30:00+05:30,OFFICE,6159,1038,1287,ರಾಷ್ಟ್ರೀಯ ಹೆದ್ದಾರಿ 75/NH 75 আৰু ITPL Main Rd,quknAqzeyM@eAIk@[m@QUcD_CaBcAqBeBJSd@^`@`@l@f@pClBhBrAj@p@Rb@J~AFbAGhCGfCBfA\dDrAtKd@zBhAhD~BxFn@dB~FjMRBT^dA|BxDxHlEkBnCmAX@|Bd@NFFJDhFBbCFDx@?J_EDiKH}DLoCd@yCH]^_AfAiBzDuDh@o@v@qAZm@rBmF`A_D\yAp@gCpAqFX_AvAgEZqARaBn@_IRuA~AiHl@gDrAyIv@cEJ}@tAyHHu@ZDU~AuAjHGb@REHGJQDSRTp@H@I[CIIGW@UPcAHKVC~@BR@~@A,2026-08-24T08:51:27+05:30,88.55,success
R3,KR Puram,2026-08-24T08:45:00+05:30,OFFICE,6159,1038,1352,ರಾಷ್ಟ್ರೀಯ ಹೆದ್ದಾರಿ 75/NH 75 আৰু ITPL Main Rd,quknAqzeyM@eAIk@[m@QUcD_CaBcAqBeBJSd@^`@`@l@f@pClBhBrAj@p@Rb@J~AFbAGhCGfCBfA\dDrAtKd@zBhAhD~BxFn@dB~FjMRBT^dA|BxDxHlEkBnCmAX@|Bd@NFFJDhFBbCFDx@?J_EDiKH}DLoCd@yCH]^_AfAiBzDuDh@o@v@qAZm@rBmF`A_D\yAp@gCpAqFX_AvAgEZqARaBn@_IRuA~AiHl@gDrAyIv@cEJ}@tAyHHu@ZDU~AuAjHGb@REHGJQDSRTp@H@I[CIIGW@UPcAHKVC~@BR@~@A,2026-08-24T09:07:32+05:30,72.46666666666667,success
R3,KR Puram,2026-08-24T09:00:00+05:30,OFFICE,6159,1038,1353,ರಾಷ್ಟ್ರೀಯ ಹೆದ್ದಾರಿ 75/NH 75 আৰু ITPL Main Rd,quknAqzeyM@eAIk@[m@QUcD_CaBcAqBeBJSd@^`@`@l@f@pClBhBrAj@p@Rb@J~AFbAGhCGfCBfA\dDrAtKd@zBhAhD~BxFn@dB~FjMRBT^dA|BxDxHlEkBnCmAX@|Bd@NFFJDhFBbCFDx@?J_EDiKH}DLoCd@yCH]^_AfAiBzDuDh@o@v@qAZm@rBmF`A_D\yAp@gCpAqFX_AvAgEZqARaBn@_IRuA~AiHl@gDrAyIv@cEJ}@tAyHHu@ZDU~AuAjHGb@REHGJQDSRTp@H@I[CIIGW@UPcAHKVC~@BR@~@A,2026-08-24T09:22:33+05:30,57.45,success
R3,KR Puram,2026-08-24T09:15:00+05:30,OFFICE,6159,1038,1339,ರಾಷ್ಟ್ರೀಯ ಹೆದ್ದಾರಿ 75/NH 75 আৰু ITPL Main Rd,quknAqzeyM@eAIk@[m@QUcD_CaBcAqBeBJSd@^`@`@l@f@pClBhBrAj@p@Rb@J~AFbAGhCGfCBfA\dDrAtKd@zBhAhD~BxFn@dB~FjMRBT^dA|BxDxHlEkBnCmAX@|Bd@NFFJDhFBbCFDx@?J_EDiKH}DLoCd@yCH]^_AfAiBzDuDh@o@v@qAZm@rBmF`A_D\yAp@gCpAqFX_AvAgEZqARaBn@_IRuA~AiHl@gDrAyIv@cEJ}@tAyHHu@ZDU~AuAjHGb@REHGJQDSRTp@H@I[CIIGW@UPcAHKVC~@BR@~@A,2026-08-24T09:37:19+05:30,42.68333333333333,success
R3,KR Puram,2026-08-24T09:30:00+05:30,OFFICE,6159,1038,1344,ರಾಷ್ಟ್ರೀಯ ಹೆದ್ದಾರಿ 75/NH 75 আৰু ITPL Main Rd,quknAqzeyM@eAIk@[m@QUcD_CaBcAqBeBJSd@^`@`@l@f@pClBhBrAj@p@Rb@J~AFbAGhCGfCBfA\dDrAtKd@zBhAhD~BxFn@dB~FjMRBT^dA|BxDxHlEkBnCmAX@|Bd@NFFJDhFBbCFDx@?J_EDiKH}DLoCd@yCH]^_AfAiBzDuDh@o@v@qAZm@rBmF`A_D\yAp@gCpAqFX_AvAgEZqARaBn@_IRuA~AiHl@gDrAyIv@cEJ}@tAyHHu@ZDU~AuAjHGb@REHGJQDSRTp@H@I[CIIGW@UPcAHKVC~@BR@~@A,2026-08-24T09:52:24+05:30,27.6,success
R3,KR Puram,2026-08-24T09:45:00+05:30,OFFICE,6159,1038,1343,ರಾಷ್ಟ್ರೀಯ ಹೆದ್ದಾರಿ 75/NH 75 আৰু ITPL Main Rd,quknAqzeyM@eAIk@[m@QUcD_CaBcAqBeBJSd@^`@`@l@f@pClBhBrAj@p@Rb@J~AFbAGhCGfCBfA\dDrAtKd@zBhAhD~BxFn@dB~FjMRBT^dA|BxDxHlEkBnCmAX@|Bd@NFFJDhFBbCFDx@?J_EDiKH}DLoCd@yCH]^_AfAiBzDuDh@o@v@qAZm@rBmF`A_D\yAp@gCpAqFX_AvAgEZqARaBn@_IRuA~AiHl@gDrAyIv@cEJ}@tAyHHu@ZDU~AuAjHGb@REHGJQDSRTp@H@I[CIIGW@UPcAHKVC~@BR@~@A,2026-08-24T10:07:23+05:30,12.616666666666667,success
R3,KR Puram,2026-08-24T10:00:00+05:30,OFFICE,6159,1038,1348,ರಾಷ್ಟ್ರೀಯ ಹೆದ್ದಾರಿ 75/NH 75 আৰু ITPL Main Rd,quknAqzeyM@eAIk@[m@QUcD_CaBcAqBeBJSd@^`@`@l@f@pClBhBrAj@p@Rb@J~AFbAGhCGfCBfA\dDrAtKd@zBhAhD~BxFn@dB~FjMRBT^dA|BxDxHlEkBnCmAX@|Bd@NFFJDhFBbCFDx@?J_EDiKH}DLoCd@yCH]^_AfAiBzDuDh@o@v@qAZm@rBmF`A_D\yAp@gCpAqFX_AvAgEZqARaBn@_IRuA~AiHl@gDrAyIv@cEJ}@tAyHHu@ZDU~AuAjHGb@REHGJQDSRTp@H@I[CIIGW@UPcAHKVC~@BR@~@A,2026-08-24T10:22:28+05:30,-2.466666666666667,success
