departure_date,origin_cluster_id,locality,departure_time,destination_cluster_id,distance_meters,static_duration_seconds,traffic_duration_seconds,predicted_arrival_time,arrival_buffer_minutes,status
2026-08-24,H1,Hoodi,08:30,OFFICE,1952,391,387,2026-08-24T08:36:27+05:30,103.55,success
2026-08-24,H1,Hoodi,08:45,OFFICE,1952,391,382,2026-08-24T08:51:22+05:30,88.63333333333334,success
2026-08-24,H1,Hoodi,09:00,OFFICE,1952,391,388,2026-08-24T09:06:28+05:30,73.53333333333333,success
2026-08-24,H1,Hoodi,09:15,OFFICE,1952,391,388,2026-08-24T09:21:28+05:30,58.53333333333333,success
2026-08-24,H1,Hoodi,09:30,OFFICE,1952,391,389,2026-08-24T09:36:29+05:30,43.516666666666666,success
2026-08-24,H1,Hoodi,09:45,OFFICE,1952,391,382,2026-08-24T09:51:22+05:30,28.633333333333333,success
2026-08-24,H1,Hoodi,10:00,OFFICE,1952,391,390,2026-08-24T10:06:30+05:30,13.5,success
2026-08-24,H2,Hoodi,08:30,OFFICE,2388,494,513,2026-08-24T08:38:33+05:30,101.45,success
2026-08-24,H2,Hoodi,08:45,OFFICE,2388,494,530,2026-08-24T08:53:50+05:30,86.16666666666667,success
2026-08-24,H2,Hoodi,09:00,OFFICE,2388,494,582,2026-08-24T09:09:42+05:30,70.3,success
2026-08-24,H2,Hoodi,09:15,OFFICE,2388,494,590,2026-08-24T09:24:50+05:30,55.166666666666664,success
2026-08-24,H2,Hoodi,09:30,OFFICE,2388,494,550,2026-08-24T09:39:10+05:30,40.833333333333336,success
2026-08-24,H2,Hoodi,09:45,OFFICE,2388,494,523,2026-08-24T09:53:43+05:30,26.283333333333335,success
2026-08-24,H2,Hoodi,10:00,OFFICE,2388,494,535,2026-08-24T10:08:55+05:30,11.083333333333334,success
2026-08-24,H3,Hoodi,08:30,OFFICE,1921,395,406,2026-08-24T08:36:46+05:30,103.23333333333333,success
2026-08-24,H3,Hoodi,08:45,OFFICE,1921,395,402,2026-08-24T08:51:42+05:30,88.3,success
2026-08-24,H3,Hoodi,09:00,OFFICE,1921,395,416,2026-08-24T09:06:56+05:30,73.06666666666666,success
2026-08-24,H3,Hoodi,09:15,OFFICE,1921,395,440,2026-08-24T09:22:20+05:30,57.666666666666664,success
2026-08-24,H3,Hoodi,09:30,OFFICE,1921,395,454,2026-08-24T09:37:34+05:30,42.43333333333333,success
2026-08-24,H3,Hoodi,09:45,OFFICE,1920,395,455,2026-08-24T09:52:35+05:30,27.416666666666668,success
2026-08-24,H3,Hoodi,10:00,OFFICE,1921,395,463,2026-08-24T10:07:43+05:30,12.283333333333333,success
2026-08-24,D1,Doddanekkundi,08:30,OFFICE,4436,932,998,2026-08-24T08:46:38+05:30,93.36666666666666,success
2026-08-24,D1,Doddanekkundi,08:45,OFFICE,4436,932,1022,2026-08-24T09:02:02+05:30,77.96666666666667,success
2026-08-24,D1,Doddanekkundi,09:00,OFFICE,4436,932,1054,2026-08-24T09:17:34+05:30,62.43333333333333,success
2026-08-24,D1,Doddanekkundi,09:15,OFFICE,4436,932,1114,2026-08-24T09:33:34+05:30,46.43333333333333,success
2026-08-24,D1,Doddanekkundi,09:30,OFFICE,4436,932,1125,2026-08-24T09:48:45+05:30,31.25,success
2026-08-24,D1,Doddanekkundi,09:45,OFFICE,4436,932,1125,2026-08-24T10:03:45+05:30,16.25,success
2026-08-24,D1,Doddanekkundi,10:00,OFFICE,4436,932,1133,2026-08-24T10:18:53+05:30,1.1166666666666667,success
2026-08-24,D2,Doddanekkundi,08:30,OFFICE,4689,1054,1098,2026-08-24T08:48:18+05:30,91.7,success
2026-08-24,D2,Doddanekkundi,08:45,OFFICE,4689,1054,1155,2026-08-24T09:04:15+05:30,75.75,success
2026-08-24,D2,Doddanekkundi,09:00,OFFICE,4689,1054,1160,2026-08-24T09:19:20+05:30,60.666666666666664,success
2026-08-24,D2,Doddanekkundi,09:15,OFFICE,4689,1054,1177,2026-08-24T09:34:37+05:30,45.38333333333333,success
2026-08-24,D2,Doddanekkundi,09:30,OFFICE,4689,1054,1181,2026-08-24T09:49:41+05:30,30.316666666666666,success
2026-08-24,D2,Doddanekkundi,09:45,OFFICE,4689,1054,1189,2026-08-24T10:04:49+05:30,15.183333333333334,success
2026-08-24,D2,Doddanekkundi,10:00,OFFICE,4689,1054,1217,2026-08-24T10:20:17+05:30,-0.2833333333333333,success
2026-08-24,D3,Doddanekkundi,08:30,OFFICE,4802,845,950,2026-08-24T08:45:50+05:30,94.16666666666667,success
2026-08-24,D3,Doddanekkundi,08:45,OFFICE,4802,845,982,2026-08-24T09:01:22+05:30,78.63333333333334,success
2026-08-24,D3,Doddanekkundi,09:00,OFFICE,4802,845,1044,2026-08-24T09:17:24+05:30,62.6,success
2026-08-24,D3,Doddanekkundi,09:15,OFFICE,4802,845,1095,2026-08-24T09:33:15+05:30,46.75,success
2026-08-24,D3,Doddanekkundi,09:30,OFFICE,4802,845,1088,2026-08-24T09:48:08+05:30,31.866666666666667,success
2026-08-24,D3,Doddanekkundi,09:45,OFFICE,4802,845,1081,2026-08-24T10:03:01+05:30,16.983333333333334,success
2026-08-24,D3,Doddanekkundi,10:00,OFFICE,4802,845,1095,2026-08-24T10:18:15+05:30,1.75,success
2026-08-24,K1,Kaggadasapura,08:30,OFFICE,6688,1369,1400,2026-08-24T08:53:20+05:30,86.66666666666667,success
2026-08-24,K1,Kaggadasapura,08:45,OFFICE,6688,1369,1392,2026-08-24T09:08:12+05:30,71.8,success
2026-08-24,K1,Kaggadasapura,09:00,OFFICE,6688,1369,1432,2026-08-24T09:23:52+05:30,56.13333333333333,success
2026-08-24,K1,Kaggadasapura,09:15,OFFICE,6688,1369,1402,2026-08-24T09:38:22+05:30,41.63333333333333,success
2026-08-24,K1,Kaggadasapura,09:30,OFFICE,6688,1369,1454,2026-08-24T09:54:14+05:30,25.766666666666666,success
2026-08-24,K1,Kaggadasapura,09:45,OFFICE,6688,1369,1432,2026-08-24T10:08:52+05:30,11.133333333333333,success
2026-08-24,K1,Kaggadasapura,10:00,OFFICE,6688,1369,1446,2026-08-24T10:24:06+05:30,-4.1,success
2026-08-24,K2,Kaggadasapura,08:30,OFFICE,6808,1362,1396,2026-08-24T08:53:16+05:30,86.73333333333333,success
2026-08-24,K2,Kaggadasapura,08:45,OFFICE,6808,1362,1388,2026-08-24T09:08:08+05:30,71.86666666666666,success
2026-08-24,K2,Kaggadasapura,09:00,OFFICE,6808,1362,1436,2026-08-24T09:23:56+05:30,56.06666666666667,success
2026-08-24,K2,Kaggadasapura,09:15,OFFICE,6808,1362,1396,2026-08-24T09:38:16+05:30,41.733333333333334,success
2026-08-24,K2,Kaggadasapura,09:30,OFFICE,6808,1362,1441,2026-08-24T09:54:01+05:30,25.983333333333334,success
2026-08-24,K2,Kaggadasapura,09:45,OFFICE,6808,1362,1418,2026-08-24T10:08:38+05:30,11.366666666666667,success
2026-08-24,K2,Kaggadasapura,10:00,OFFICE,6808,1362,1435,2026-08-24T10:23:55+05:30,-3.9166666666666665,success
2026-08-24,K3,Kaggadasapura,08:30,OFFICE,7580,1553,1613,2026-08-24T08:56:53+05:30,83.11666666666666,success
2026-08-24,K3,Kaggadasapura,08:45,OFFICE,7580,1553,1599,2026-08-24T09:11:39+05:30,68.35,success
2026-08-24,K3,Kaggadasapura,09:00,OFFICE,7580,1553,1633,2026-08-24T09:27:13+05:30,52.78333333333333,success
2026-08-24,K3,Kaggadasapura,09:15,OFFICE,7580,1553,1595,2026-08-24T09:41:35+05:30,38.416666666666664,success
2026-08-24,K3,Kaggadasapura,09:30,OFFICE,7580,1553,1626,2026-08-24T09:57:06+05:30,22.9,success
2026-08-24,K3,Kaggadasapura,09:45,OFFICE,7580,1553,1605,2026-08-24T10:11:45+05:30,8.25,success
2026-08-24,K3,Kaggadasapura,10:00,OFFICE,7580,1553,1619,2026-08-24T10:26:59+05:30,-6.983333333333333,success
2026-08-24,V1,Vibhutipura,08:30,OFFICE,8795,1857,1913,2026-08-24T09:01:53+05:30,78.11666666666666,success
2026-08-24,V1,Vibhutipura,08:45,OFFICE,8795,1857,1931,2026-08-24T09:17:11+05:30,62.81666666666667,success
2026-08-24,V1,Vibhutipura,09:00,OFFICE,8795,1857,1909,2026-08-24T09:31:49+05:30,48.18333333333333,success
2026-08-24,V1,Vibhutipura,09:15,OFFICE,8795,1857,1941,2026-08-24T09:47:21+05:30,32.65,success
2026-08-24,V1,Vibhutipura,09:30,OFFICE,8795,1857,1921,2026-08-24T10:02:01+05:30,17.983333333333334,success
2026-08-24,V1,Vibhutipura,09:45,OFFICE,8795,1857,1943,2026-08-24T10:17:23+05:30,2.6166666666666667,success
2026-08-24,V1,Vibhutipura,10:00,OFFICE,8795,1857,1952,2026-08-24T10:32:32+05:30,-12.533333333333333,success
2026-08-24,V2,Vibhutipura,08:30,OFFICE,9728,1779,1940,2026-08-24T09:02:20+05:30,77.66666666666667,success
2026-08-24,V2,Vibhutipura,08:45,OFFICE,9728,1779,1978,2026-08-24T09:17:58+05:30,62.03333333333333,success
2026-08-24,V2,Vibhutipura,09:00,OFFICE,9728,1779,2047,2026-08-24T09:34:07+05:30,45.88333333333333,success
2026-08-24,V2,Vibhutipura,09:15,OFFICE,9728,1779,2128,2026-08-24T09:50:28+05:30,29.533333333333335,success
2026-08-24,V2,Vibhutipura,09:30,OFFICE,9728,1779,2173,2026-08-24T10:06:13+05:30,13.783333333333333,success
2026-08-24,V2,Vibhutipura,09:45,OFFICE,9728,1779,2230,2026-08-24T10:22:10+05:30,-2.1666666666666665,success
2026-08-24,V2,Vibhutipura,10:00,OFFICE,9728,1779,2251,2026-08-24T10:37:31+05:30,-17.516666666666666,success
2026-08-24,V3,Vibhutipura,08:30,OFFICE,9579,1938,2108,2026-08-24T09:05:08+05:30,74.86666666666666,success
2026-08-24,V3,Vibhutipura,08:45,OFFICE,9579,1938,2157,2026-08-24T09:20:57+05:30,59.05,success
2026-08-24,V3,Vibhutipura,09:00,OFFICE,9579,1938,2257,2026-08-24T09:37:37+05:30,42.38333333333333,success
2026-08-24,V3,Vibhutipura,09:15,OFFICE,9579,1938,2348,2026-08-24T09:54:08+05:30,25.866666666666667,success
2026-08-24,V3,Vibhutipura,09:30,OFFICE,9579,1938,2329,2026-08-24T10:08:49+05:30,11.183333333333334,success
2026-08-24,V3,Vibhutipura,09:45,OFFICE,9579,1938,2451,2026-08-24T10:25:51+05:30,-5.85,success
2026-08-24,V3,Vibhutipura,10:00,OFFICE,9579,1938,2367,2026-08-24T10:39:27+05:30,-19.45,success
2026-08-24,B1,B. Narayanapura,08:30,OFFICE,2724,562,530,2026-08-24T08:38:50+05:30,101.16666666666667,success
2026-08-24,B1,B. Narayanapura,08:45,OFFICE,2724,562,538,2026-08-24T08:53:58+05:30,86.03333333333333,success
2026-08-24,B1,B. Narayanapura,09:00,OFFICE,2724,562,546,2026-08-24T09:09:06+05:30,70.9,success
2026-08-24,B1,B. Narayanapura,09:15,OFFICE,2724,562,566,2026-08-24T09:24:26+05:30,55.56666666666667,success
2026-08-24,B1,B. Narayanapura,09:30,OFFICE,2724,562,568,2026-08-24T09:39:28+05:30,40.53333333333333,success
2026-08-24,B1,B. Narayanapura,09:45,OFFICE,2724,562,579,2026-08-24T09:54:39+05:30,25.35,success
2026-08-24,B1,B. Narayanapura,10:00,OFFICE,2724,562,589,2026-08-24T10:09:49+05:30,10.183333333333334,success
2026-08-24,B2,B. Narayanapura,08:30,OFFICE,2892,594,578,2026-08-24T08:39:38+05:30,100.36666666666666,success
2026-08-24,B2,B. Narayanapura,08:45,OFFICE,2892,594,585,2026-08-24T08:54:45+05:30,85.25,success
2026-08-24,B2,B. Narayanapura,09:00,OFFICE,2892,594,591,2026-08-24T09:09:51+05:30,70.15,success
2026-08-24,B2,B. Narayanapura,09:15,OFFICE,2892,594,609,2026-08-24T09:25:09+05:30,54.85,success
2026-08-24,B2,B. Narayanapura,09:30,OFFICE,2892,594,614,2026-08-24T09:40:14+05:30,39.766666666666666,success
2026-08-24,B2,B. Narayanapura,09:45,OFFICE,2892,594,624,2026-08-24T09:55:24+05:30,24.6,success
2026-08-24,B2,B. Narayanapura,10:00,OFFICE,2892,594,631,2026-08-24T10:10:31+05:30,9.483333333333333,success
2026-08-24,B3,B. Narayanapura,08:30,OFFICE,3607,852,817,2026-08-24T08:43:37+05:30,96.38333333333334,success
2026-08-24,B3,B. Narayanapura,08:45,OFFICE,3607,852,828,2026-08-24T08:58:48+05:30,81.2,success
2026-08-24,B3,B. Narayanapura,09:00,OFFICE,3607,852,827,2026-08-24T09:13:47+05:30,66.21666666666667,success
2026-08-24,B3,B. Narayanapura,09:15,OFFICE,3607,852,849,2026-08-24T09:29:09+05:30,50.85,success
2026-08-24,B3,B. Narayanapura,09:30,OFFICE,3607,852,848,2026-08-24T09:44:08+05:30,35.86666666666667,success
2026-08-24,B3,B. Narayanapura,09:45,OFFICE,3607,852,855,2026-08-24T09:59:15+05:30,20.75,success
2026-08-24,B3,B. Narayanapura,10:00,OFFICE,3607,852,869,2026-08-24T10:14:29+05:30,5.516666666666667,success
2026-08-24,R1,KR Puram,08:30,OFFICE,5378,1107,1420,2026-08-24T08:53:40+05:30,86.33333333333333,success
2026-08-24,R1,KR Puram,08:45,OFFICE,5378,1107,1493,2026-08-24T09:09:53+05:30,70.11666666666666,success
2026-08-24,R1,KR Puram,09:00,OFFICE,5378,1107,1473,2026-08-24T09:24:33+05:30,55.45,success
2026-08-24,R1,KR Puram,09:15,OFFICE,5378,1107,1479,2026-08-24T09:39:39+05:30,40.35,success
2026-08-24,R1,KR Puram,09:30,OFFICE,5378,1107,1472,2026-08-24T09:54:32+05:30,25.466666666666665,success
2026-08-24,R1,KR Puram,09:45,OFFICE,5378,1107,1468,2026-08-24T10:09:28+05:30,10.533333333333333,success
2026-08-24,R1,KR Puram,10:00,OFFICE,5378,1107,1473,2026-08-24T10:24:33+05:30,-4.55,success
2026-08-24,R2,KR Puram,08:30,OFFICE,4771,939,1250,2026-08-24T08:50:50+05:30,89.16666666666667,success
2026-08-24,R2,KR Puram,08:45,OFFICE,4771,939,1318,2026-08-24T09:06:58+05:30,73.03333333333333,success
2026-08-24,R2,KR Puram,09:00,OFFICE,4771,939,1299,2026-08-24T09:21:39+05:30,58.35,success
2026-08-24,R2,KR Puram,09:15,OFFICE,4771,939,1303,2026-08-24T09:36:43+05:30,43.28333333333333,success
2026-08-24,R2,KR Puram,09:30,OFFICE,4771,939,1304,2026-08-24T09:51:44+05:30,28.266666666666666,success
2026-08-24,R2,KR Puram,09:45,OFFICE,4771,939,1302,2026-08-24T10:06:42+05:30,13.3,success
2026-08-24,R2,KR Puram,10:00,OFFICE,4771,939,1330,2026-08-24T10:22:10+05:30,-2.1666666666666665,success
2026-08-24,R3,KR Puram,08:30,OFFICE,6159,1038,1287,2026-08-24T08:51:27+05:30,88.55,success
2026-08-24,R3,KR Puram,08:45,OFFICE,6159,1038,1352,2026-08-24T09:07:32+05:30,72.46666666666667,success
2026-08-24,R3,KR Puram,09:00,OFFICE,6159,1038,1353,2026-08-24T09:22:33+05:30,57.45,success
2026-08-24,R3,KR Puram,09:15,OFFICE,6159,1038,1339,2026-08-24T09:37:19+05:30,42.68333333333333,success
2026-08-24,R3,KR Puram,09:30,OFFICE,6159,1038,1344,2026-08-24T09:52:24+05:30,27.6,success
2026-08-24,R3,KR Puram,09:45,OFFICE,6159,1038,1343,2026-08-24T10:07:23+05:30,12.616666666666667,success
2026-08-24,R3,KR Puram,10:00,OFFICE,6159,1038,1348,2026-08-24T10:22:28+05:30,-2.466666666666667,success
2026-08-25,H1,Hoodi,08:30,OFFICE,1952,391,390,2026-08-25T08:36:30+05:30,103.5,success
2026-08-25,H1,Hoodi,08:45,OFFICE,1952,391,381,2026-08-25T08:51:21+05:30,88.65,success
2026-08-25,H1,Hoodi,09:00,OFFICE,1952,391,387,2026-08-25T09:06:27+05:30,73.55,success
2026-08-25,H1,Hoodi,09:15,OFFICE,1952,391,393,2026-08-25T09:21:33+05:30,58.45,success
2026-08-25,H1,Hoodi,09:30,OFFICE,1952,391,388,2026-08-25T09:36:28+05:30,43.53333333333333,success
2026-08-25,H1,Hoodi,09:45,OFFICE,1952,391,393,2026-08-25T09:51:33+05:30,28.45,success
2026-08-25,H1,Hoodi,10:00,OFFICE,1952,391,396,2026-08-25T10:06:36+05:30,13.4,success
2026-08-25,H2,Hoodi,08:30,OFFICE,2388,494,548,2026-08-25T08:39:08+05:30,100.86666666666666,success
2026-08-25,H2,Hoodi,08:45,OFFICE,2388,494,521,2026-08-25T08:53:41+05:30,86.31666666666666,success
2026-08-25,H2,Hoodi,09:00,OFFICE,2388,494,536,2026-08-25T09:08:56+05:30,71.06666666666666,success
2026-08-25,H2,Hoodi,09:15,OFFICE,2387,494,546,2026-08-25T09:24:06+05:30,55.9,success
2026-08-25,H2,Hoodi,09:30,OFFICE,2388,494,513,2026-08-25T09:38:33+05:30,41.45,success
2026-08-25,H2,Hoodi,09:45,OFFICE,2388,494,516,2026-08-25T09:53:36+05:30,26.4,success
2026-08-25,H2,Hoodi,10:00,OFFICE,2388,494,526,2026-08-25T10:08:46+05:30,11.233333333333333,success
2026-08-25,H3,Hoodi,08:30,OFFICE,1921,395,411,2026-08-25T08:36:51+05:30,103.15,success
2026-08-25,H3,Hoodi,08:45,OFFICE,1921,395,404,2026-08-25T08:51:44+05:30,88.26666666666667,success
2026-08-25,H3,Hoodi,09:00,OFFICE,1921,395,415,2026-08-25T09:06:55+05:30,73.08333333333333,success
2026-08-25,H3,Hoodi,09:15,OFFICE,1921,395,438,2026-08-25T09:22:18+05:30,57.7,success
2026-08-25,H3,Hoodi,09:30,OFFICE,1921,395,450,2026-08-25T09:37:30+05:30,42.5,success
2026-08-25,H3,Hoodi,09:45,OFFICE,1921,395,482,2026-08-25T09:53:02+05:30,26.966666666666665,success
2026-08-25,H3,Hoodi,10:00,OFFICE,1921,395,514,2026-08-25T10:08:34+05:30,11.433333333333334,success
2026-08-25,D1,Doddanekkundi,08:30,OFFICE,4436,932,1027,2026-08-25T08:47:07+05:30,92.88333333333334,success
2026-08-25,D1,Doddanekkundi,08:45,OFFICE,4436,932,1057,2026-08-25T09:02:37+05:30,77.38333333333334,success
2026-08-25,D1,Doddanekkundi,09:00,OFFICE,4436,932,1098,2026-08-25T09:18:18+05:30,61.7,success
2026-08-25,D1,Doddanekkundi,09:15,OFFICE,4436,932,1150,2026-08-25T09:34:10+05:30,45.833333333333336,success
2026-08-25,D1,Doddanekkundi,09:30,OFFICE,4436,932,1167,2026-08-25T09:49:27+05:30,30.55,success
2026-08-25,D1,Doddanekkundi,09:45,OFFICE,4436,932,1210,2026-08-25T10:05:10+05:30,14.833333333333334,success
2026-08-25,D1,Doddanekkundi,10:00,OFFICE,4436,932,1228,2026-08-25T10:20:28+05:30,-0.4666666666666667,success
2026-08-25,D2,Doddanekkundi,08:30,OFFICE,4689,1054,1149,2026-08-25T08:49:09+05:30,90.85,success
2026-08-25,D2,Doddanekkundi,08:45,OFFICE,4689,1054,1189,2026-08-25T09:04:49+05:30,75.18333333333334,success
2026-08-25,D2,Doddanekkundi,09:00,OFFICE,4689,1054,1232,2026-08-25T09:20:32+05:30,59.46666666666667,success
2026-08-25,D2,Doddanekkundi,09:15,OFFICE,4689,1054,1250,2026-08-25T09:35:50+05:30,44.166666666666664,success
2026-08-25,D2,Doddanekkundi,09:30,OFFICE,4689,1054,1266,2026-08-25T09:51:06+05:30,28.9,success
2026-08-25,D2,Doddanekkundi,09:45,OFFICE,4689,1054,1251,2026-08-25T10:05:51+05:30,14.15,success
2026-08-25,D2,Doddanekkundi,10:00,OFFICE,4689,1054,1279,2026-08-25T10:21:19+05:30,-1.3166666666666667,success
2026-08-25,D3,Doddanekkundi,08:30,OFFICE,4802,845,1009,2026-08-25T08:46:49+05:30,93.18333333333334,success
2026-08-25,D3,Doddanekkundi,08:45,OFFICE,4802,845,1049,2026-08-25T09:02:29+05:30,77.51666666666667,success
2026-08-25,D3,Doddanekkundi,09:00,OFFICE,4802,845,1099,2026-08-25T09:18:19+05:30,61.68333333333333,success
2026-08-25,D3,Doddanekkundi,09:15,OFFICE,4802,845,1158,2026-08-25T09:34:18+05:30,45.7,success
2026-08-25,D3,Doddanekkundi,09:30,OFFICE,4802,845,1164,2026-08-25T09:49:24+05:30,30.6,success
2026-08-25,D3,Doddanekkundi,09:45,OFFICE,4802,845,1217,2026-08-25T10:05:17+05:30,14.716666666666667,success
2026-08-25,D3,Doddanekkundi,10:00,OFFICE,4802,845,1235,2026-08-25T10:20:35+05:30,-0.5833333333333334,success
2026-08-25,K1,Kaggadasapura,08:30,OFFICE,6688,1369,1439,2026-08-25T08:53:59+05:30,86.01666666666667,success
2026-08-25,K1,Kaggadasapura,08:45,OFFICE,6688,1369,1492,2026-08-25T09:09:52+05:30,70.13333333333334,success
2026-08-25,K1,Kaggadasapura,09:00,OFFICE,6688,1369,1492,2026-08-25T09:24:52+05:30,55.13333333333333,success
2026-08-25,K1,Kaggadasapura,09:15,OFFICE,6688,1369,1513,2026-08-25T09:40:13+05:30,39.78333333333333,success
2026-08-25,K1,Kaggadasapura,09:30,OFFICE,6688,1369,1535,2026-08-25T09:55:35+05:30,24.416666666666668,success
2026-08-25,K1,Kaggadasapura,09:45,OFFICE,6688,1369,1578,2026-08-25T10:11:18+05:30,8.7,success
2026-08-25,K1,Kaggadasapura,10:00,OFFICE,6688,1369,1575,2026-08-25T10:26:15+05:30,-6.25,success
2026-08-25,K2,Kaggadasapura,08:30,OFFICE,6808,1362,1436,2026-08-25T08:53:56+05:30,86.06666666666666,success
2026-08-25,K2,Kaggadasapura,08:45,OFFICE,6808,1362,1489,2026-08-25T09:09:49+05:30,70.18333333333334,success
2026-08-25,K2,Kaggadasapura,09:00,OFFICE,6808,1362,1492,2026-08-25T09:24:52+05:30,55.13333333333333,success
2026-08-25,K2,Kaggadasapura,09:15,OFFICE,6808,1362,1513,2026-08-25T09:40:13+05:30,39.78333333333333,success
2026-08-25,K2,Kaggadasapura,09:30,OFFICE,6808,1362,1532,2026-08-25T09:55:32+05:30,24.466666666666665,success
2026-08-25,K2,Kaggadasapura,09:45,OFFICE,6808,1362,1569,2026-08-25T10:11:09+05:30,8.85,success
2026-08-25,K2,Kaggadasapura,10:00,OFFICE,6808,1362,1567,2026-08-25T10:26:07+05:30,-6.116666666666666,success
2026-08-25,K3,Kaggadasapura,08:30,OFFICE,7580,1553,1658,2026-08-25T08:57:38+05:30,82.36666666666666,success
2026-08-25,K3,Kaggadasapura,08:45,OFFICE,7580,1553,1694,2026-08-25T09:13:14+05:30,66.76666666666667,success
2026-08-25,K3,Kaggadasapura,09:00,OFFICE,7580,1553,1695,2026-08-25T09:28:15+05:30,51.75,success
2026-08-25,K3,Kaggadasapura,09:15,OFFICE,7580,1553,1704,2026-08-25T09:43:24+05:30,36.6,success
2026-08-25,K3,Kaggadasapura,09:30,OFFICE,7580,1553,1722,2026-08-25T09:58:42+05:30,21.3,success
2026-08-25,K3,Kaggadasapura,09:45,OFFICE,7580,1553,1769,2026-08-25T10:14:29+05:30,5.516666666666667,success
2026-08-25,K3,Kaggadasapura,10:00,OFFICE,7580,1553,1756,2026-08-25T10:29:16+05:30,-9.266666666666667,success
2026-08-25,V1,Vibhutipura,08:30,OFFICE,8794,1857,2029,2026-08-25T09:03:49+05:30,76.18333333333334,success
2026-08-25,V1,Vibhutipura,08:45,OFFICE,8795,1857,2010,2026-08-25T09:18:30+05:30,61.5,success
2026-08-25,V1,Vibhutipura,09:00,OFFICE,8795,1857,2018,2026-08-25T09:33:38+05:30,46.36666666666667,success
2026-08-25,V1,Vibhutipura,09:15,OFFICE,8795,1857,2045,2026-08-25T09:49:05+05:30,30.916666666666668,success
2026-08-25,V1,Vibhutipura,09:30,OFFICE,8795,1857,2068,2026-08-25T10:04:28+05:30,15.533333333333333,success
2026-08-25,V1,Vibhutipura,09:45,OFFICE,8795,1857,2073,2026-08-25T10:19:33+05:30,0.45,success
2026-08-25,V1,Vibhutipura,10:00,OFFICE,8795,1857,2104,2026-08-25T10:35:04+05:30,-15.066666666666666,success
2026-08-25,V2,Vibhutipura,08:30,OFFICE,9728,1779,2016,2026-08-25T09:03:36+05:30,76.4,success
2026-08-25,V2,Vibhutipura,08:45,OFFICE,9727,1779,2126,2026-08-25T09:20:26+05:30,59.56666666666667,success
2026-08-25,V2,Vibhutipura,09:00,OFFICE,9728,1779,2201,2026-08-25T09:36:41+05:30,43.31666666666667,success
2026-08-25,V2,Vibhutipura,09:15,OFFICE,9728,1779,2254,2026-08-25T09:52:34+05:30,27.433333333333334,success
2026-08-25,V2,Vibhutipura,09:30,OFFICE,9728,1779,2390,2026-08-25T10:09:50+05:30,10.166666666666666,success
2026-08-25,V2,Vibhutipura,09:45,OFFICE,9728,1779,2411,2026-08-25T10:25:11+05:30,-5.183333333333334,success
2026-08-25,V2,Vibhutipura,10:00,OFFICE,9728,1779,2412,2026-08-25T10:40:12+05:30,-20.2,success
2026-08-25,V3,Vibhutipura,08:30,OFFICE,9579,1938,2192,2026-08-25T09:06:32+05:30,73.46666666666667,success
2026-08-25,V3,Vibhutipura,08:45,OFFICE,9579,1938,2300,2026-08-25T09:23:20+05:30,56.666666666666664,success
2026-08-25,V3,Vibhutipura,09:00,OFFICE,9579,1938,2396,2026-08-25T09:39:56+05:30,40.06666666666667,success
2026-08-25,V3,Vibhutipura,09:15,OFFICE,9579,1938,2521,2026-08-25T09:57:01+05:30,22.983333333333334,success
2026-08-25,V3,Vibhutipura,09:30,OFFICE,9579,1938,2581,2026-08-25T10:13:01+05:30,6.983333333333333,success
2026-08-25,V3,Vibhutipura,09:45,OFFICE,9579,1938,2548,2026-08-25T10:27:28+05:30,-7.466666666666667,success
2026-08-25,V3,Vibhutipura,10:00,OFFICE,9579,1938,2568,2026-08-25T10:42:48+05:30,-22.8,success
2026-08-25,B1,B. Narayanapura,08:30,OFFICE,2724,562,537,2026-08-25T08:38:57+05:30,101.05,success
2026-08-25,B1,B. Narayanapura,08:45,OFFICE,2724,562,534,2026-08-25T08:53:54+05:30,86.1,success
2026-08-25,B1,B. Narayanapura,09:00,OFFICE,2724,562,586,2026-08-25T09:09:46+05:30,70.23333333333333,success
2026-08-25,B1,B. Narayanapura,09:15,OFFICE,2724,562,588,2026-08-25T09:24:48+05:30,55.2,success
2026-08-25,B1,B. Narayanapura,09:30,OFFICE,2724,562,597,2026-08-25T09:39:57+05:30,40.05,success
2026-08-25,B1,B. Narayanapura,09:45,OFFICE,2724,562,616,2026-08-25T09:55:16+05:30,24.733333333333334,success
2026-08-25,B1,B. Narayanapura,10:00,OFFICE,2724,562,643,2026-08-25T10:10:43+05:30,9.283333333333333,success
2026-08-25,B2,B. Narayanapura,08:30,OFFICE,2892,594,586,2026-08-25T08:39:46+05:30,100.23333333333333,success
2026-08-25,B2,B. Narayanapura,08:45,OFFICE,2892,594,581,2026-08-25T08:54:41+05:30,85.31666666666666,success
2026-08-25,B2,B. Narayanapura,09:00,OFFICE,2892,594,626,2026-08-25T09:10:26+05:30,69.56666666666666,success
2026-08-25,B2,B. Narayanapura,09:15,OFFICE,2892,594,637,2026-08-25T09:25:37+05:30,54.38333333333333,success
2026-08-25,B2,B. Narayanapura,09:30,OFFICE,2892,594,636,2026-08-25T09:40:36+05:30,39.4,success
2026-08-25,B2,B. Narayanapura,09:45,OFFICE,2892,594,658,2026-08-25T09:55:58+05:30,24.033333333333335,success
2026-08-25,B2,B. Narayanapura,10:00,OFFICE,2892,594,677,2026-08-25T10:11:17+05:30,8.716666666666667,success
2026-08-25,B3,B. Narayanapura,08:30,OFFICE,3607,852,811,2026-08-25T08:43:31+05:30,96.48333333333333,success
2026-08-25,B3,B. Narayanapura,08:45,OFFICE,3607,852,847,2026-08-25T08:59:07+05:30,80.88333333333334,success
2026-08-25,B3,B. Narayanapura,09:00,OFFICE,3607,852,879,2026-08-25T09:14:39+05:30,65.35,success
2026-08-25,B3,B. Narayanapura,09:15,OFFICE,3607,852,885,2026-08-25T09:29:45+05:30,50.25,success
2026-08-25,B3,B. Narayanapura,09:30,OFFICE,3607,852,890,2026-08-25T09:44:50+05:30,35.166666666666664,success
2026-08-25,B3,B. Narayanapura,09:45,OFFICE,3607,852,911,2026-08-25T10:00:11+05:30,19.816666666666666,success
2026-08-25,B3,B. Narayanapura,10:00,OFFICE,3607,852,936,2026-08-25T10:15:36+05:30,4.4,success
2026-08-25,R1,KR Puram,08:30,OFFICE,5378,1107,1423,2026-08-25T08:53:43+05:30,86.28333333333333,success
2026-08-25,R1,KR Puram,08:45,OFFICE,5378,1107,1512,2026-08-25T09:10:12+05:30,69.8,success
2026-08-25,R1,KR Puram,09:00,OFFICE,5378,1107,1536,2026-08-25T09:25:36+05:30,54.4,success
2026-08-25,R1,KR Puram,09:15,OFFICE,5378,1107,1529,2026-08-25T09:40:29+05:30,39.516666666666666,success
2026-08-25,R1,KR Puram,09:30,OFFICE,5378,1107,1529,2026-08-25T09:55:29+05:30,24.516666666666666,success
2026-08-25,R1,KR Puram,09:45,OFFICE,5378,1107,1518,2026-08-25T10:10:18+05:30,9.7,success
2026-08-25,R1,KR Puram,10:00,OFFICE,5378,1107,1500,2026-08-25T10:25:00+05:30,-5.0,success
2026-08-25,R2,KR Puram,08:30,OFFICE,4771,939,1249,2026-08-25T08:50:49+05:30,89.18333333333334,success
2026-08-25,R2,KR Puram,08:45,OFFICE,4771,939,1322,2026-08-25T09:07:02+05:30,72.96666666666667,success
2026-08-25,R2,KR Puram,09:00,OFFICE,4771,939,1359,2026-08-25T09:22:39+05:30,57.35,success
2026-08-25,R2,KR Puram,09:15,OFFICE,4771,939,1359,2026-08-25T09:37:39+05:30,42.35,success
2026-08-25,R2,KR Puram,09:30,OFFICE,4771,939,1374,2026-08-25T09:52:54+05:30,27.1,success
2026-08-25,R2,KR Puram,09:45,OFFICE,4771,939,1379,2026-08-25T10:07:59+05:30,12.016666666666667,success
2026-08-25,R2,KR Puram,10:00,OFFICE,4771,939,1347,2026-08-25T10:22:27+05:30,-2.45,success
2026-08-25,R3,KR Puram,08:30,OFFICE,6159,1038,1322,2026-08-25T08:52:02+05:30,87.96666666666667,success
2026-08-25,R3,KR Puram,08:45,OFFICE,6159,1038,1386,2026-08-25T09:08:06+05:30,71.9,success
2026-08-25,R3,KR Puram,09:00,OFFICE,6159,1038,1388,2026-08-25T09:23:08+05:30,56.86666666666667,success
2026-08-25,R3,KR Puram,09:15,OFFICE,6159,1038,1366,2026-08-25T09:37:46+05:30,42.233333333333334,success
2026-08-25,R3,KR Puram,09:30,OFFICE,6159,1038,1375,2026-08-25T09:52:55+05:30,27.083333333333332,success
2026-08-25,R3,KR Puram,09:45,OFFICE,6159,1038,1386,2026-08-25T10:08:06+05:30,11.9,success
2026-08-25,R3,KR Puram,10:00,OFFICE,6159,1038,1386,2026-08-25T10:23:06+05:30,-3.1,success
2026-08-26,H1,Hoodi,08:30,OFFICE,1952,391,360,2026-08-26T08:36:00+05:30,104.0,success
2026-08-26,H1,Hoodi,08:45,OFFICE,1952,391,355,2026-08-26T08:50:55+05:30,89.08333333333333,success
2026-08-26,H1,Hoodi,09:00,OFFICE,1952,391,357,2026-08-26T09:05:57+05:30,74.05,success
2026-08-26,H1,Hoodi,09:15,OFFICE,1952,391,356,2026-08-26T09:20:56+05:30,59.06666666666667,success
2026-08-26,H1,Hoodi,09:30,OFFICE,1952,391,359,2026-08-26T09:35:59+05:30,44.016666666666666,success
2026-08-26,H1,Hoodi,09:45,OFFICE,1952,391,359,2026-08-26T09:50:59+05:30,29.016666666666666,success
2026-08-26,H1,Hoodi,10:00,OFFICE,1952,391,366,2026-08-26T10:06:06+05:30,13.9,success
2026-08-26,H2,Hoodi,08:30,OFFICE,2388,494,433,2026-08-26T08:37:13+05:30,102.78333333333333,success
2026-08-26,H2,Hoodi,08:45,OFFICE,2388,494,428,2026-08-26T08:52:08+05:30,87.86666666666666,success
2026-08-26,H2,Hoodi,09:00,OFFICE,2388,494,438,2026-08-26T09:07:18+05:30,72.7,success
2026-08-26,H2,Hoodi,09:15,OFFICE,2388,494,438,2026-08-26T09:22:18+05:30,57.7,success
2026-08-26,H2,Hoodi,09:30,OFFICE,2388,494,442,2026-08-26T09:37:22+05:30,42.63333333333333,success
2026-08-26,H2,Hoodi,09:45,OFFICE,2388,494,442,2026-08-26T09:52:22+05:30,27.633333333333333,success
2026-08-26,H2,Hoodi,10:00,OFFICE,2388,494,447,2026-08-26T10:07:27+05:30,12.55,success
2026-08-26,H3,Hoodi,08:30,OFFICE,1921,395,342,2026-08-26T08:35:42+05:30,104.3,success
2026-08-26,H3,Hoodi,08:45,OFFICE,1921,395,338,2026-08-26T08:50:38+05:30,89.36666666666666,success
2026-08-26,H3,Hoodi,09:00,OFFICE,1921,395,347,2026-08-26T09:05:47+05:30,74.21666666666667,success
2026-08-26,H3,Hoodi,09:15,OFFICE,1921,395,344,2026-08-26T09:20:44+05:30,59.266666666666666,success
2026-08-26,H3,Hoodi,09:30,OFFICE,1921,395,344,2026-08-26T09:35:44+05:30,44.266666666666666,success
2026-08-26,H3,Hoodi,09:45,OFFICE,1921,395,350,2026-08-26T09:50:50+05:30,29.166666666666668,success
2026-08-26,H3,Hoodi,10:00,OFFICE,1921,395,349,2026-08-26T10:05:49+05:30,14.183333333333334,success
2026-08-26,D1,Doddanekkundi,08:30,OFFICE,4436,932,818,2026-08-26T08:43:38+05:30,96.36666666666666,success
2026-08-26,D1,Doddanekkundi,08:45,OFFICE,4436,932,827,2026-08-26T08:58:47+05:30,81.21666666666667,success
2026-08-26,D1,Doddanekkundi,09:00,OFFICE,4436,932,823,2026-08-26T09:13:43+05:30,66.28333333333333,success
2026-08-26,D1,Doddanekkundi,09:15,OFFICE,4436,932,828,2026-08-26T09:28:48+05:30,51.2,success
2026-08-26,D1,Doddanekkundi,09:30,OFFICE,4436,932,837,2026-08-26T09:43:57+05:30,36.05,success
2026-08-26,D1,Doddanekkundi,09:45,OFFICE,4436,932,842,2026-08-26T09:59:02+05:30,20.966666666666665,success
2026-08-26,D1,Doddanekkundi,10:00,OFFICE,4436,932,843,2026-08-26T10:14:03+05:30,5.95,success
2026-08-26,D2,Doddanekkundi,08:30,OFFICE,4689,1054,936,2026-08-26T08:45:36+05:30,94.4,success
2026-08-26,D2,Doddanekkundi,08:45,OFFICE,4689,1054,945,2026-08-26T09:00:45+05:30,79.25,success
2026-08-26,D2,Doddanekkundi,09:00,OFFICE,4689,1054,942,2026-08-26T09:15:42+05:30,64.3,success
2026-08-26,D2,Doddanekkundi,09:15,OFFICE,4689,1054,941,2026-08-26T09:30:41+05:30,49.31666666666667,success
2026-08-26,D2,Doddanekkundi,09:30,OFFICE,4689,1054,940,2026-08-26T09:45:40+05:30,34.333333333333336,success
2026-08-26,D2,Doddanekkundi,09:45,OFFICE,4689,1054,944,2026-08-26T10:00:44+05:30,19.266666666666666,success
2026-08-26,D2,Doddanekkundi,10:00,OFFICE,4689,1054,955,2026-08-26T10:15:55+05:30,4.083333333333333,success
2026-08-26,D3,Doddanekkundi,08:30,OFFICE,4802,845,695,2026-08-26T08:41:35+05:30,98.41666666666667,success
2026-08-26,D3,Doddanekkundi,08:45,OFFICE,4802,845,692,2026-08-26T08:56:32+05:30,83.46666666666667,success
2026-08-26,D3,Doddanekkundi,09:00,OFFICE,4802,845,702,2026-08-26T09:11:42+05:30,68.3,success
2026-08-26,D3,Doddanekkundi,09:15,OFFICE,4802,845,703,2026-08-26T09:26:43+05:30,53.28333333333333,success
2026-08-26,D3,Doddanekkundi,09:30,OFFICE,4802,845,705,2026-08-26T09:41:45+05:30,38.25,success
2026-08-26,D3,Doddanekkundi,09:45,OFFICE,4802,845,724,2026-08-26T09:57:04+05:30,22.933333333333334,success
2026-08-26,D3,Doddanekkundi,10:00,OFFICE,4802,845,725,2026-08-26T10:12:05+05:30,7.916666666666667,success
2026-08-26,K1,Kaggadasapura,08:30,OFFICE,6688,1369,1207,2026-08-26T08:50:07+05:30,89.88333333333334,success
2026-08-26,K1,Kaggadasapura,08:45,OFFICE,6688,1369,1211,2026-08-26T09:05:11+05:30,74.81666666666666,success
2026-08-26,K1,Kaggadasapura,09:00,OFFICE,6688,1369,1221,2026-08-26T09:20:21+05:30,59.65,success
2026-08-26,K1,Kaggadasapura,09:15,OFFICE,6688,1369,1229,2026-08-26T09:35:29+05:30,44.516666666666666,success
2026-08-26,K1,Kaggadasapura,09:30,OFFICE,6688,1369,1234,2026-08-26T09:50:34+05:30,29.433333333333334,success
2026-08-26,K1,Kaggadasapura,09:45,OFFICE,6688,1369,1259,2026-08-26T10:05:59+05:30,14.016666666666667,success
2026-08-26,K1,Kaggadasapura,10:00,OFFICE,6688,1369,1274,2026-08-26T10:21:14+05:30,-1.2333333333333334,success
2026-08-26,K2,Kaggadasapura,08:30,OFFICE,6808,1362,1200,2026-08-26T08:50:00+05:30,90.0,success
2026-08-26,K2,Kaggadasapura,08:45,OFFICE,6808,1362,1209,2026-08-26T09:05:09+05:30,74.85,success
2026-08-26,K2,Kaggadasapura,09:00,OFFICE,6808,1362,1217,2026-08-26T09:20:17+05:30,59.71666666666667,success
2026-08-26,K2,Kaggadasapura,09:15,OFFICE,6808,1362,1225,2026-08-26T09:35:25+05:30,44.583333333333336,success
2026-08-26,K2,Kaggadasapura,09:30,OFFICE,6808,1362,1232,2026-08-26T09:50:32+05:30,29.466666666666665,success
2026-08-26,K2,Kaggadasapura,09:45,OFFICE,6808,1362,1257,2026-08-26T10:05:57+05:30,14.05,success
2026-08-26,K2,Kaggadasapura,10:00,OFFICE,6808,1362,1271,2026-08-26T10:21:11+05:30,-1.1833333333333333,success
2026-08-26,K3,Kaggadasapura,08:30,OFFICE,7580,1553,1377,2026-08-26T08:52:57+05:30,87.05,success
2026-08-26,K3,Kaggadasapura,08:45,OFFICE,7580,1553,1387,2026-08-26T09:08:07+05:30,71.88333333333334,success
2026-08-26,K3,Kaggadasapura,09:00,OFFICE,7580,1553,1400,2026-08-26T09:23:20+05:30,56.666666666666664,success
2026-08-26,K3,Kaggadasapura,09:15,OFFICE,7580,1553,1412,2026-08-26T09:38:32+05:30,41.46666666666667,success
2026-08-26,K3,Kaggadasapura,09:30,OFFICE,7580,1553,1419,2026-08-26T09:53:39+05:30,26.35,success
2026-08-26,K3,Kaggadasapura,09:45,OFFICE,7580,1553,1441,2026-08-26T10:09:01+05:30,10.983333333333333,success
2026-08-26,K3,Kaggadasapura,10:00,OFFICE,7580,1553,1451,2026-08-26T10:24:11+05:30,-4.183333333333334,success
2026-08-26,V1,Vibhutipura,08:30,OFFICE,8795,1857,1659,2026-08-26T08:57:39+05:30,82.35,success
2026-08-26,V1,Vibhutipura,08:45,OFFICE,8795,1857,1670,2026-08-26T09:12:50+05:30,67.16666666666667,success
2026-08-26,V1,Vibhutipura,09:00,OFFICE,8795,1857,1696,2026-08-26T09:28:16+05:30,51.733333333333334,success
2026-08-26,V1,Vibhutipura,09:15,OFFICE,8795,1857,1713,2026-08-26T09:43:33+05:30,36.45,success
2026-08-26,V1,Vibhutipura,09:30,OFFICE,8795,1857,1727,2026-08-26T09:58:47+05:30,21.216666666666665,success
2026-08-26,V1,Vibhutipura,09:45,OFFICE,8795,1857,1755,2026-08-26T10:14:15+05:30,5.75,success
2026-08-26,V1,Vibhutipura,10:00,OFFICE,8795,1857,1791,2026-08-26T10:29:51+05:30,-9.85,success
2026-08-26,V2,Vibhutipura,08:30,OFFICE,9728,1779,1565,2026-08-26T08:56:05+05:30,83.91666666666667,success
2026-08-26,V2,Vibhutipura,08:45,OFFICE,9728,1779,1571,2026-08-26T09:11:11+05:30,68.81666666666666,success
2026-08-26,V2,Vibhutipura,09:00,OFFICE,9728,1779,1572,2026-08-26T09:26:12+05:30,53.8,success
2026-08-26,V2,Vibhutipura,09:15,OFFICE,9728,1779,1577,2026-08-26T09:41:17+05:30,38.71666666666667,success
2026-08-26,V2,Vibhutipura,09:30,OFFICE,9728,1779,1588,2026-08-26T09:56:28+05:30,23.533333333333335,success
2026-08-26,V2,Vibhutipura,09:45,OFFICE,9728,1779,1603,2026-08-26T10:11:43+05:30,8.283333333333333,success
2026-08-26,V2,Vibhutipura,10:00,OFFICE,9727,1779,1635,2026-08-26T10:27:15+05:30,-7.25,success
2026-08-26,V3,Vibhutipura,08:30,OFFICE,9579,1938,1735,2026-08-26T08:58:55+05:30,81.08333333333333,success
2026-08-26,V3,Vibhutipura,08:45,OFFICE,9579,1938,1735,2026-08-26T09:13:55+05:30,66.08333333333333,success
2026-08-26,V3,Vibhutipura,09:00,OFFICE,9579,1938,1735,2026-08-26T09:28:55+05:30,51.083333333333336,success
2026-08-26,V3,Vibhutipura,09:15,OFFICE,9579,1938,1742,2026-08-26T09:44:02+05:30,35.96666666666667,success
2026-08-26,V3,Vibhutipura,09:30,OFFICE,9579,1938,1752,2026-08-26T09:59:12+05:30,20.8,success
2026-08-26,V3,Vibhutipura,09:45,OFFICE,9579,1938,1775,2026-08-26T10:14:35+05:30,5.416666666666667,success
2026-08-26,V3,Vibhutipura,10:00,OFFICE,9579,1938,1808,2026-08-26T10:30:08+05:30,-10.133333333333333,success
2026-08-26,B1,B. Narayanapura,08:30,OFFICE,2724,562,470,2026-08-26T08:37:50+05:30,102.16666666666667,success
2026-08-26,B1,B. Narayanapura,08:45,OFFICE,2724,562,472,2026-08-26T08:52:52+05:30,87.13333333333334,success
2026-08-26,B1,B. Narayanapura,09:00,OFFICE,2724,562,479,2026-08-26T09:07:59+05:30,72.01666666666667,success
2026-08-26,B1,B. Narayanapura,09:15,OFFICE,2724,562,478,2026-08-26T09:22:58+05:30,57.03333333333333,success
2026-08-26,B1,B. Narayanapura,09:30,OFFICE,2724,562,478,2026-08-26T09:37:58+05:30,42.03333333333333,success
2026-08-26,B1,B. Narayanapura,09:45,OFFICE,2724,562,478,2026-08-26T09:52:58+05:30,27.033333333333335,success
2026-08-26,B1,B. Narayanapura,10:00,OFFICE,2724,562,490,2026-08-26T10:08:10+05:30,11.833333333333334,success
2026-08-26,B2,B. Narayanapura,08:30,OFFICE,2892,594,504,2026-08-26T08:38:24+05:30,101.6,success
2026-08-26,B2,B. Narayanapura,08:45,OFFICE,2892,594,504,2026-08-26T08:53:24+05:30,86.6,success
2026-08-26,B2,B. Narayanapura,09:00,OFFICE,2892,594,509,2026-08-26T09:08:29+05:30,71.51666666666667,success
2026-08-26,B2,B. Narayanapura,09:15,OFFICE,2892,594,507,2026-08-26T09:23:27+05:30,56.55,success
2026-08-26,B2,B. Narayanapura,09:30,OFFICE,2892,594,510,2026-08-26T09:38:30+05:30,41.5,success
2026-08-26,B2,B. Narayanapura,09:45,OFFICE,2892,594,512,2026-08-26T09:53:32+05:30,26.466666666666665,success
2026-08-26,B2,B. Narayanapura,10:00,OFFICE,2892,594,521,2026-08-26T10:08:41+05:30,11.316666666666666,success
2026-08-26,B3,B. Narayanapura,08:30,OFFICE,3607,852,742,2026-08-26T08:42:22+05:30,97.63333333333334,success
2026-08-26,B3,B. Narayanapura,08:45,OFFICE,3607,852,744,2026-08-26T08:57:24+05:30,82.6,success
2026-08-26,B3,B. Narayanapura,09:00,OFFICE,3607,852,756,2026-08-26T09:12:36+05:30,67.4,success
2026-08-26,B3,B. Narayanapura,09:15,OFFICE,3607,852,758,2026-08-26T09:27:38+05:30,52.36666666666667,success
2026-08-26,B3,B. Narayanapura,09:30,OFFICE,3607,852,752,2026-08-26T09:42:32+05:30,37.46666666666667,success
2026-08-26,B3,B. Narayanapura,09:45,OFFICE,3607,852,755,2026-08-26T09:57:35+05:30,22.416666666666668,success
2026-08-26,B3,B. Narayanapura,10:00,OFFICE,3607,852,767,2026-08-26T10:12:47+05:30,7.216666666666667,success
2026-08-26,R1,KR Puram,08:30,OFFICE,5378,1107,967,2026-08-26T08:46:07+05:30,93.88333333333334,success
2026-08-26,R1,KR Puram,08:45,OFFICE,5378,1107,983,2026-08-26T09:01:23+05:30,78.61666666666666,success
2026-08-26,R1,KR Puram,09:00,OFFICE,5378,1107,988,2026-08-26T09:16:28+05:30,63.53333333333333,success
2026-08-26,R1,KR Puram,09:15,OFFICE,5378,1107,999,2026-08-26T09:31:39+05:30,48.35,success
2026-08-26,R1,KR Puram,09:30,OFFICE,5378,1107,1002,2026-08-26T09:46:42+05:30,33.3,success
2026-08-26,R1,KR Puram,09:45,OFFICE,5378,1107,1014,2026-08-26T10:01:54+05:30,18.1,success
2026-08-26,R1,KR Puram,10:00,OFFICE,5378,1107,1024,2026-08-26T10:17:04+05:30,2.933333333333333,success
2026-08-26,R2,KR Puram,08:30,OFFICE,4771,939,789,2026-08-26T08:43:09+05:30,96.85,success
2026-08-26,R2,KR Puram,08:45,OFFICE,4771,939,797,2026-08-26T08:58:17+05:30,81.71666666666667,success
2026-08-26,R2,KR Puram,09:00,OFFICE,4771,939,807,2026-08-26T09:13:27+05:30,66.55,success
2026-08-26,R2,KR Puram,09:15,OFFICE,4771,939,806,2026-08-26T09:28:26+05:30,51.56666666666667,success
2026-08-26,R2,KR Puram,09:30,OFFICE,4771,939,814,2026-08-26T09:43:34+05:30,36.43333333333333,success
2026-08-26,R2,KR Puram,09:45,OFFICE,4771,939,819,2026-08-26T09:58:39+05:30,21.35,success
2026-08-26,R2,KR Puram,10:00,OFFICE,4771,939,834,2026-08-26T10:13:54+05:30,6.1,success
2026-08-26,R3,KR Puram,08:30,OFFICE,6159,1038,908,2026-08-26T08:45:08+05:30,94.86666666666666,success
2026-08-26,R3,KR Puram,08:45,OFFICE,6159,1038,897,2026-08-26T08:59:57+05:30,80.05,success
2026-08-26,R3,KR Puram,09:00,OFFICE,6159,1038,904,2026-08-26T09:15:04+05:30,64.93333333333334,success
2026-08-26,R3,KR Puram,09:15,OFFICE,6159,1038,911,2026-08-26T09:30:11+05:30,49.81666666666667,success
2026-08-26,R3,KR Puram,09:30,OFFICE,6159,1038,898,2026-08-26T09:44:58+05:30,35.03333333333333,success
2026-08-26,R3,KR Puram,09:45,OFFICE,6159,1038,915,2026-08-26T10:00:15+05:30,19.75,success
2026-08-26,R3,KR Puram,10:00,OFFICE,6159,1038,928,2026-08-26T10:15:28+05:30,4.533333333333333,success
2026-08-27,H1,Hoodi,08:30,OFFICE,1952,391,382,2026-08-27T08:36:22+05:30,103.63333333333334,success
2026-08-27,H1,Hoodi,08:45,OFFICE,1952,391,379,2026-08-27T08:51:19+05:30,88.68333333333334,success
2026-08-27,H1,Hoodi,09:00,OFFICE,1952,391,395,2026-08-27T09:06:35+05:30,73.41666666666667,success
2026-08-27,H1,Hoodi,09:15,OFFICE,1952,391,390,2026-08-27T09:21:30+05:30,58.5,success
2026-08-27,H1,Hoodi,09:30,OFFICE,1952,391,391,2026-08-27T09:36:31+05:30,43.483333333333334,success
2026-08-27,H1,Hoodi,09:45,OFFICE,1952,391,386,2026-08-27T09:51:26+05:30,28.566666666666666,success
2026-08-27,H1,Hoodi,10:00,OFFICE,1952,391,395,2026-08-27T10:06:35+05:30,13.416666666666666,success
2026-08-27,H2,Hoodi,08:30,OFFICE,2388,494,511,2026-08-27T08:38:31+05:30,101.48333333333333,success
2026-08-27,H2,Hoodi,08:45,OFFICE,2387,494,523,2026-08-27T08:53:43+05:30,86.28333333333333,success
2026-08-27,H2,Hoodi,09:00,OFFICE,2388,494,549,2026-08-27T09:09:09+05:30,70.85,success
2026-08-27,H2,Hoodi,09:15,OFFICE,2388,494,528,2026-08-27T09:23:48+05:30,56.2,success
2026-08-27,H2,Hoodi,09:30,OFFICE,2388,494,512,2026-08-27T09:38:32+05:30,41.46666666666667,success
2026-08-27,H2,Hoodi,09:45,OFFICE,2388,494,516,2026-08-27T09:53:36+05:30,26.4,success
2026-08-27,H2,Hoodi,10:00,OFFICE,2388,494,529,2026-08-27T10:08:49+05:30,11.183333333333334,success
2026-08-27,H3,Hoodi,08:30,OFFICE,1921,395,398,2026-08-27T08:36:38+05:30,103.36666666666666,success
2026-08-27,H3,Hoodi,08:45,OFFICE,1921,395,403,2026-08-27T08:51:43+05:30,88.28333333333333,success
2026-08-27,H3,Hoodi,09:00,OFFICE,1921,395,424,2026-08-27T09:07:04+05:30,72.93333333333334,success
2026-08-27,H3,Hoodi,09:15,OFFICE,1921,395,429,2026-08-27T09:22:09+05:30,57.85,success
2026-08-27,H3,Hoodi,09:30,OFFICE,1921,395,452,2026-08-27T09:37:32+05:30,42.46666666666667,success
2026-08-27,H3,Hoodi,09:45,OFFICE,1921,395,478,2026-08-27T09:52:58+05:30,27.033333333333335,success
2026-08-27,H3,Hoodi,10:00,OFFICE,1921,395,464,2026-08-27T10:07:44+05:30,12.266666666666667,success
2026-08-27,D1,Doddanekkundi,08:30,OFFICE,4436,932,1009,2026-08-27T08:46:49+05:30,93.18333333333334,success
2026-08-27,D1,Doddanekkundi,08:45,OFFICE,4436,932,1039,2026-08-27T09:02:19+05:30,77.68333333333334,success
2026-08-27,D1,Doddanekkundi,09:00,OFFICE,4436,932,1046,2026-08-27T09:17:26+05:30,62.56666666666667,success
2026-08-27,D1,Doddanekkundi,09:15,OFFICE,4436,932,1088,2026-08-27T09:33:08+05:30,46.86666666666667,success
2026-08-27,D1,Doddanekkundi,09:30,OFFICE,4436,932,1129,2026-08-27T09:48:49+05:30,31.183333333333334,success
2026-08-27,D1,Doddanekkundi,09:45,OFFICE,4436,932,1149,2026-08-27T10:04:09+05:30,15.85,success
2026-08-27,D1,Doddanekkundi,10:00,OFFICE,4436,932,1116,2026-08-27T10:18:36+05:30,1.4,success
2026-08-27,D2,Doddanekkundi,08:30,OFFICE,4689,1054,1097,2026-08-27T08:48:17+05:30,91.71666666666667,success
2026-08-27,D2,Doddanekkundi,08:45,OFFICE,4689,1054,1143,2026-08-27T09:04:03+05:30,75.95,success
2026-08-27,D2,Doddanekkundi,09:00,OFFICE,4689,1054,1168,2026-08-27T09:19:28+05:30,60.53333333333333,success
2026-08-27,D2,Doddanekkundi,09:15,OFFICE,4689,1054,1175,2026-08-27T09:34:35+05:30,45.416666666666664,success
2026-08-27,D2,Doddanekkundi,09:30,OFFICE,4689,1054,1204,2026-08-27T09:50:04+05:30,29.933333333333334,success
2026-08-27,D2,Doddanekkundi,09:45,OFFICE,4689,1054,1244,2026-08-27T10:05:44+05:30,14.266666666666667,success
2026-08-27,D2,Doddanekkundi,10:00,OFFICE,4689,1054,1242,2026-08-27T10:20:42+05:30,-0.7,success
2026-08-27,D3,Doddanekkundi,08:30,OFFICE,4802,845,975,2026-08-27T08:46:15+05:30,93.75,success
2026-08-27,D3,Doddanekkundi,08:45,OFFICE,4802,845,1011,2026-08-27T09:01:51+05:30,78.15,success
2026-08-27,D3,Doddanekkundi,09:00,OFFICE,4802,845,1003,2026-08-27T09:16:43+05:30,63.28333333333333,success
2026-08-27,D3,Doddanekkundi,09:15,OFFICE,4802,845,1041,2026-08-27T09:32:21+05:30,47.65,success
2026-08-27,D3,Doddanekkundi,09:30,OFFICE,4802,845,1081,2026-08-27T09:48:01+05:30,31.983333333333334,success
2026-08-27,D3,Doddanekkundi,09:45,OFFICE,4802,845,1099,2026-08-27T10:03:19+05:30,16.683333333333334,success
2026-08-27,D3,Doddanekkundi,10:00,OFFICE,4802,845,1082,2026-08-27T10:18:02+05:30,1.9666666666666666,success
2026-08-27,K1,Kaggadasapura,08:30,OFFICE,6688,1369,1391,2026-08-27T08:53:11+05:30,86.81666666666666,success
2026-08-27,K1,Kaggadasapura,08:45,OFFICE,6688,1369,1411,2026-08-27T09:08:31+05:30,71.48333333333333,success
2026-08-27,K1,Kaggadasapura,09:00,OFFICE,6688,1369,1452,2026-08-27T09:24:12+05:30,55.8,success
2026-08-27,K1,Kaggadasapura,09:15,OFFICE,6688,1369,1455,2026-08-27T09:39:15+05:30,40.75,success
2026-08-27,K1,Kaggadasapura,09:30,OFFICE,6688,1369,1488,2026-08-27T09:54:48+05:30,25.2,success
2026-08-27,K1,Kaggadasapura,09:45,OFFICE,6688,1369,1494,2026-08-27T10:09:54+05:30,10.1,success
2026-08-27,K1,Kaggadasapura,10:00,OFFICE,6688,1369,1493,2026-08-27T10:24:53+05:30,-4.883333333333334,success
2026-08-27,K2,Kaggadasapura,08:30,OFFICE,6808,1362,1386,2026-08-27T08:53:06+05:30,86.9,success
2026-08-27,K2,Kaggadasapura,08:45,OFFICE,6808,1362,1409,2026-08-27T09:08:29+05:30,71.51666666666667,success
2026-08-27,K2,Kaggadasapura,09:00,OFFICE,6808,1362,1453,2026-08-27T09:24:13+05:30,55.78333333333333,success
2026-08-27,K2,Kaggadasapura,09:15,OFFICE,6808,1362,1453,2026-08-27T09:39:13+05:30,40.78333333333333,success
2026-08-27,K2,Kaggadasapura,09:30,OFFICE,6808,1362,1479,2026-08-27T09:54:39+05:30,25.35,success
2026-08-27,K2,Kaggadasapura,09:45,OFFICE,6808,1362,1485,2026-08-27T10:09:45+05:30,10.25,success
2026-08-27,K2,Kaggadasapura,10:00,OFFICE,6808,1362,1488,2026-08-27T10:24:48+05:30,-4.8,success
2026-08-27,K3,Kaggadasapura,08:30,OFFICE,7580,1553,1608,2026-08-27T08:56:48+05:30,83.2,success
2026-08-27,K3,Kaggadasapura,08:45,OFFICE,7580,1553,1612,2026-08-27T09:11:52+05:30,68.13333333333334,success
2026-08-27,K3,Kaggadasapura,09:00,OFFICE,7580,1553,1631,2026-08-27T09:27:11+05:30,52.81666666666667,success
2026-08-27,K3,Kaggadasapura,09:15,OFFICE,7580,1553,1651,2026-08-27T09:42:31+05:30,37.483333333333334,success
2026-08-27,K3,Kaggadasapura,09:30,OFFICE,7580,1553,1670,2026-08-27T09:57:50+05:30,22.166666666666668,success
2026-08-27,K3,Kaggadasapura,09:45,OFFICE,7580,1553,1666,2026-08-27T10:12:46+05:30,7.233333333333333,success
2026-08-27,K3,Kaggadasapura,10:00,OFFICE,7580,1553,1674,2026-08-27T10:27:54+05:30,-7.9,success
2026-08-27,V1,Vibhutipura,08:30,OFFICE,8795,1857,1945,2026-08-27T09:02:25+05:30,77.58333333333333,success
2026-08-27,V1,Vibhutipura,08:45,OFFICE,8795,1857,1945,2026-08-27T09:17:25+05:30,62.583333333333336,success
2026-08-27,V1,Vibhutipura,09:00,OFFICE,8794,1857,1945,2026-08-27T09:32:25+05:30,47.583333333333336,success
2026-08-27,V1,Vibhutipura,09:15,OFFICE,8795,1857,1957,2026-08-27T09:47:37+05:30,32.38333333333333,success
2026-08-27,V1,Vibhutipura,09:30,OFFICE,8795,1857,1962,2026-08-27T10:02:42+05:30,17.3,success
2026-08-27,V1,Vibhutipura,09:45,OFFICE,8795,1857,1971,2026-08-27T10:17:51+05:30,2.15,success
2026-08-27,V1,Vibhutipura,10:00,OFFICE,8795,1857,2025,2026-08-27T10:33:45+05:30,-13.75,success
2026-08-27,V2,Vibhutipura,08:30,OFFICE,9728,1779,1927,2026-08-27T09:02:07+05:30,77.88333333333334,success
2026-08-27,V2,Vibhutipura,08:45,OFFICE,9728,1779,1983,2026-08-27T09:18:03+05:30,61.95,success
2026-08-27,V2,Vibhutipura,09:00,OFFICE,9728,1779,2050,2026-08-27T09:34:10+05:30,45.833333333333336,success
2026-08-27,V2,Vibhutipura,09:15,OFFICE,9728,1779,2098,2026-08-27T09:49:58+05:30,30.033333333333335,success
2026-08-27,V2,Vibhutipura,09:30,OFFICE,9728,1779,2156,2026-08-27T10:05:56+05:30,14.066666666666666,success
2026-08-27,V2,Vibhutipura,09:45,OFFICE,9728,1779,2208,2026-08-27T10:21:48+05:30,-1.8,success
2026-08-27,V2,Vibhutipura,10:00,OFFICE,9728,1779,2209,2026-08-27T10:36:49+05:30,-16.816666666666666,success
2026-08-27,V3,Vibhutipura,08:30,OFFICE,9579,1938,2105,2026-08-27T09:05:05+05:30,74.91666666666667,success
2026-08-27,V3,Vibhutipura,08:45,OFFICE,9579,1938,2135,2026-08-27T09:20:35+05:30,59.416666666666664,success
2026-08-27,V3,Vibhutipura,09:00,OFFICE,9579,1938,2246,2026-08-27T09:37:26+05:30,42.56666666666667,success
2026-08-27,V3,Vibhutipura,09:15,OFFICE,9579,1938,2271,2026-08-27T09:52:51+05:30,27.15,success
2026-08-27,V3,Vibhutipura,09:30,OFFICE,9579,1938,2332,2026-08-27T10:08:52+05:30,11.133333333333333,success
2026-08-27,V3,Vibhutipura,09:45,OFFICE,9579,1938,2359,2026-08-27T10:24:19+05:30,-4.316666666666666,success
2026-08-27,V3,Vibhutipura,10:00,OFFICE,9579,1938,2353,2026-08-27T10:39:13+05:30,-19.216666666666665,success
2026-08-27,B1,B. Narayanapura,08:30,OFFICE,2724,562,536,2026-08-27T08:38:56+05:30,101.06666666666666,success
2026-08-27,B1,B. Narayanapura,08:45,OFFICE,2724,562,541,2026-08-27T08:54:01+05:30,85.98333333333333,success
2026-08-27,B1,B. Narayanapura,09:00,OFFICE,2724,562,557,2026-08-27T09:09:17+05:30,70.71666666666667,success
2026-08-27,B1,B. Narayanapura,09:15,OFFICE,2724,562,567,2026-08-27T09:24:27+05:30,55.55,success
2026-08-27,B1,B. Narayanapura,09:30,OFFICE,2724,562,580,2026-08-27T09:39:40+05:30,40.333333333333336,success
2026-08-27,B1,B. Narayanapura,09:45,OFFICE,2724,562,583,2026-08-27T09:54:43+05:30,25.283333333333335,success
2026-08-27,B1,B. Narayanapura,10:00,OFFICE,2724,562,595,2026-08-27T10:09:55+05:30,10.083333333333334,success
2026-08-27,B2,B. Narayanapura,08:30,OFFICE,2892,594,582,2026-08-27T08:39:42+05:30,100.3,success
2026-08-27,B2,B. Narayanapura,08:45,OFFICE,2892,594,585,2026-08-27T08:54:45+05:30,85.25,success
2026-08-27,B2,B. Narayanapura,09:00,OFFICE,2892,594,600,2026-08-27T09:10:00+05:30,70.0,success
2026-08-27,B2,B. Narayanapura,09:15,OFFICE,2892,594,610,2026-08-27T09:25:10+05:30,54.833333333333336,success
2026-08-27,B2,B. Narayanapura,09:30,OFFICE,2892,594,623,2026-08-27T09:40:23+05:30,39.61666666666667,success
2026-08-27,B2,B. Narayanapura,09:45,OFFICE,2892,594,626,2026-08-27T09:55:26+05:30,24.566666666666666,success
2026-08-27,B2,B. Narayanapura,10:00,OFFICE,2892,594,642,2026-08-27T10:10:42+05:30,9.3,success
2026-08-27,B3,B. Narayanapura,08:30,OFFICE,3607,852,813,2026-08-27T08:43:33+05:30,96.45,success
2026-08-27,B3,B. Narayanapura,08:45,OFFICE,3607,852,832,2026-08-27T08:58:52+05:30,81.13333333333334,success
2026-08-27,B3,B. Narayanapura,09:00,OFFICE,3607,852,839,2026-08-27T09:13:59+05:30,66.01666666666667,success
2026-08-27,B3,B. Narayanapura,09:15,OFFICE,3607,852,855,2026-08-27T09:29:15+05:30,50.75,success
2026-08-27,B3,B. Narayanapura,09:30,OFFICE,3607,852,870,2026-08-27T09:44:30+05:30,35.5,success
2026-08-27,B3,B. Narayanapura,09:45,OFFICE,3607,852,876,2026-08-27T09:59:36+05:30,20.4,success
2026-08-27,B3,B. Narayanapura,10:00,OFFICE,3607,852,889,2026-08-27T10:14:49+05:30,5.183333333333334,success
2026-08-27,R1,KR Puram,08:30,OFFICE,5378,1107,1363,2026-08-27T08:52:43+05:30,87.28333333333333,success
2026-08-27,R1,KR Puram,08:45,OFFICE,5378,1107,1476,2026-08-27T09:09:36+05:30,70.4,success
2026-08-27,R1,KR Puram,09:00,OFFICE,5378,1107,1461,2026-08-27T09:24:21+05:30,55.65,success
2026-08-27,R1,KR Puram,09:15,OFFICE,5378,1107,1438,2026-08-27T09:38:58+05:30,41.03333333333333,success
2026-08-27,R1,KR Puram,09:30,OFFICE,5378,1107,1457,2026-08-27T09:54:17+05:30,25.716666666666665,success
2026-08-27,R1,KR Puram,09:45,OFFICE,5378,1107,1452,2026-08-27T10:09:12+05:30,10.8,success
2026-08-27,R1,KR Puram,10:00,OFFICE,5378,1107,1421,2026-08-27T10:23:41+05:30,-3.683333333333333,success
2026-08-27,R2,KR Puram,08:30,OFFICE,4771,939,1193,2026-08-27T08:49:53+05:30,90.11666666666666,success
2026-08-27,R2,KR Puram,08:45,OFFICE,4771,939,1280,2026-08-27T09:06:20+05:30,73.66666666666667,success
2026-08-27,R2,KR Puram,09:00,OFFICE,4771,939,1279,2026-08-27T09:21:19+05:30,58.68333333333333,success
2026-08-27,R2,KR Puram,09:15,OFFICE,4771,939,1258,2026-08-27T09:35:58+05:30,44.03333333333333,success
2026-08-27,R2,KR Puram,09:30,OFFICE,4771,939,1285,2026-08-27T09:51:25+05:30,28.583333333333332,success
2026-08-27,R2,KR Puram,09:45,OFFICE,4771,939,1280,2026-08-27T10:06:20+05:30,13.666666666666666,success
2026-08-27,R2,KR Puram,10:00,OFFICE,4771,939,1265,2026-08-27T10:21:05+05:30,-1.0833333333333333,success
2026-08-27,R3,KR Puram,08:30,OFFICE,6159,1038,1261,2026-08-27T08:51:01+05:30,88.98333333333333,success
2026-08-27,R3,KR Puram,08:45,OFFICE,6159,1038,1293,2026-08-27T09:06:33+05:30,73.45,success
2026-08-27,R3,KR Puram,09:00,OFFICE,6159,1038,1312,2026-08-27T09:21:52+05:30,58.13333333333333,success
2026-08-27,R3,KR Puram,09:15,OFFICE,6159,1038,1284,2026-08-27T09:36:24+05:30,43.6,success
2026-08-27,R3,KR Puram,09:30,OFFICE,6159,1038,1278,2026-08-27T09:51:18+05:30,28.7,success
2026-08-27,R3,KR Puram,09:45,OFFICE,6159,1038,1306,2026-08-27T10:06:46+05:30,13.233333333333333,success
2026-08-27,R3,KR Puram,10:00,OFFICE,6159,1038,1335,2026-08-27T10:22:15+05:30,-2.25,success
2026-08-28,H1,Hoodi,08:30,OFFICE,1952,391,378,2026-08-28T08:36:18+05:30,103.7,success
2026-08-28,H1,Hoodi,08:45,OFFICE,1952,391,372,2026-08-28T08:51:12+05:30,88.8,success
2026-08-28,H1,Hoodi,09:00,OFFICE,1952,391,382,2026-08-28T09:06:22+05:30,73.63333333333334,success
2026-08-28,H1,Hoodi,09:15,OFFICE,1952,391,386,2026-08-28T09:21:26+05:30,58.56666666666667,success
2026-08-28,H1,Hoodi,09:30,OFFICE,1952,391,384,2026-08-28T09:36:24+05:30,43.6,success
2026-08-28,H1,Hoodi,09:45,OFFICE,1952,391,381,2026-08-28T09:51:21+05:30,28.65,success
2026-08-28,H1,Hoodi,10:00,OFFICE,1952,391,385,2026-08-28T10:06:25+05:30,13.583333333333334,success
2026-08-28,H2,Hoodi,08:30,OFFICE,2388,494,493,2026-08-28T08:38:13+05:30,101.78333333333333,success
2026-08-28,H2,Hoodi,08:45,OFFICE,2388,494,507,2026-08-28T08:53:27+05:30,86.55,success
2026-08-28,H2,Hoodi,09:00,OFFICE,2388,494,510,2026-08-28T09:08:30+05:30,71.5,success
2026-08-28,H2,Hoodi,09:15,OFFICE,2388,494,504,2026-08-28T09:23:24+05:30,56.6,success
2026-08-28,H2,Hoodi,09:30,OFFICE,2388,494,502,2026-08-28T09:38:22+05:30,41.63333333333333,success
2026-08-28,H2,Hoodi,09:45,OFFICE,2388,494,497,2026-08-28T09:53:17+05:30,26.716666666666665,success
2026-08-28,H2,Hoodi,10:00,OFFICE,2388,494,490,2026-08-28T10:08:10+05:30,11.833333333333334,success
2026-08-28,H3,Hoodi,08:30,OFFICE,1921,395,390,2026-08-28T08:36:30+05:30,103.5,success
2026-08-28,H3,Hoodi,08:45,OFFICE,1921,395,393,2026-08-28T08:51:33+05:30,88.45,success
2026-08-28,H3,Hoodi,09:00,OFFICE,1921,395,411,2026-08-28T09:06:51+05:30,73.15,success
2026-08-28,H3,Hoodi,09:15,OFFICE,1921,395,416,2026-08-28T09:21:56+05:30,58.06666666666667,success
2026-08-28,H3,Hoodi,09:30,OFFICE,1921,395,416,2026-08-28T09:36:56+05:30,43.06666666666667,success
2026-08-28,H3,Hoodi,09:45,OFFICE,1921,395,407,2026-08-28T09:51:47+05:30,28.216666666666665,success
2026-08-28,H3,Hoodi,10:00,OFFICE,1921,395,407,2026-08-28T10:06:47+05:30,13.216666666666667,success
2026-08-28,D1,Doddanekkundi,08:30,OFFICE,4436,932,931,2026-08-28T08:45:31+05:30,94.48333333333333,success
2026-08-28,D1,Doddanekkundi,08:45,OFFICE,4436,932,957,2026-08-28T09:00:57+05:30,79.05,success
2026-08-28,D1,Doddanekkundi,09:00,OFFICE,4436,932,968,2026-08-28T09:16:08+05:30,63.86666666666667,success
2026-08-28,D1,Doddanekkundi,09:15,OFFICE,4436,932,982,2026-08-28T09:31:22+05:30,48.63333333333333,success
2026-08-28,D1,Doddanekkundi,09:30,OFFICE,4436,932,977,2026-08-28T09:46:17+05:30,33.71666666666667,success
2026-08-28,D1,Doddanekkundi,09:45,OFFICE,4436,932,970,2026-08-28T10:01:10+05:30,18.833333333333332,success
2026-08-28,D1,Doddanekkundi,10:00,OFFICE,4436,932,970,2026-08-28T10:16:10+05:30,3.8333333333333335,success
2026-08-28,D2,Doddanekkundi,08:30,OFFICE,4689,1054,1073,2026-08-28T08:47:53+05:30,92.11666666666666,success
2026-08-28,D2,Doddanekkundi,08:45,OFFICE,4689,1054,1107,2026-08-28T09:03:27+05:30,76.55,success
2026-08-28,D2,Doddanekkundi,09:00,OFFICE,4689,1054,1093,2026-08-28T09:18:13+05:30,61.78333333333333,success
2026-08-28,D2,Doddanekkundi,09:15,OFFICE,4689,1054,1113,2026-08-28T09:33:33+05:30,46.45,success
2026-08-28,D2,Doddanekkundi,09:30,OFFICE,4689,1054,1127,2026-08-28T09:48:47+05:30,31.216666666666665,success
2026-08-28,D2,Doddanekkundi,09:45,OFFICE,4689,1054,1140,2026-08-28T10:04:00+05:30,16.0,success
2026-08-28,D2,Doddanekkundi,10:00,OFFICE,4689,1054,1148,2026-08-28T10:19:08+05:30,0.8666666666666667,success
2026-08-28,D3,Doddanekkundi,08:30,OFFICE,4802,845,862,2026-08-28T08:44:22+05:30,95.63333333333334,success
2026-08-28,D3,Doddanekkundi,08:45,OFFICE,4802,845,873,2026-08-28T08:59:33+05:30,80.45,success
2026-08-28,D3,Doddanekkundi,09:00,OFFICE,4802,845,897,2026-08-28T09:14:57+05:30,65.05,success
2026-08-28,D3,Doddanekkundi,09:15,OFFICE,4802,845,900,2026-08-28T09:30:00+05:30,50.0,success
2026-08-28,D3,Doddanekkundi,09:30,OFFICE,4802,845,891,2026-08-28T09:44:51+05:30,35.15,success
2026-08-28,D3,Doddanekkundi,09:45,OFFICE,4802,845,896,2026-08-28T09:59:56+05:30,20.066666666666666,success
2026-08-28,D3,Doddanekkundi,10:00,OFFICE,4802,845,905,2026-08-28T10:15:05+05:30,4.916666666666667,success
2026-08-28,K1,Kaggadasapura,08:30,OFFICE,6688,1369,1347,2026-08-28T08:52:27+05:30,87.55,success
2026-08-28,K1,Kaggadasapura,08:45,OFFICE,6688,1369,1374,2026-08-28T09:07:54+05:30,72.1,success
2026-08-28,K1,Kaggadasapura,09:00,OFFICE,6688,1369,1370,2026-08-28T09:22:50+05:30,57.166666666666664,success
2026-08-28,K1,Kaggadasapura,09:15,OFFICE,6688,1369,1363,2026-08-28T09:37:43+05:30,42.28333333333333,success
2026-08-28,K1,Kaggadasapura,09:30,OFFICE,6688,1369,1359,2026-08-28T09:52:39+05:30,27.35,success
2026-08-28,K1,Kaggadasapura,09:45,OFFICE,6688,1369,1366,2026-08-28T10:07:46+05:30,12.233333333333333,success
2026-08-28,K1,Kaggadasapura,10:00,OFFICE,6688,1369,1367,2026-08-28T10:22:47+05:30,-2.783333333333333,success
2026-08-28,K2,Kaggadasapura,08:30,OFFICE,6808,1362,1338,2026-08-28T08:52:18+05:30,87.7,success
2026-08-28,K2,Kaggadasapura,08:45,OFFICE,6808,1362,1368,2026-08-28T09:07:48+05:30,72.2,success
2026-08-28,K2,Kaggadasapura,09:00,OFFICE,6808,1362,1366,2026-08-28T09:22:46+05:30,57.233333333333334,success
2026-08-28,K2,Kaggadasapura,09:15,OFFICE,6808,1362,1363,2026-08-28T09:37:43+05:30,42.28333333333333,success
2026-08-28,K2,Kaggadasapura,09:30,OFFICE,6808,1362,1353,2026-08-28T09:52:33+05:30,27.45,success
2026-08-28,K2,Kaggadasapura,09:45,OFFICE,6808,1362,1362,2026-08-28T10:07:42+05:30,12.3,success
2026-08-28,K2,Kaggadasapura,10:00,OFFICE,6808,1362,1368,2026-08-28T10:22:48+05:30,-2.8,success
2026-08-28,K3,Kaggadasapura,08:30,OFFICE,7580,1553,1555,2026-08-28T08:55:55+05:30,84.08333333333333,success
2026-08-28,K3,Kaggadasapura,08:45,OFFICE,7580,1553,1564,2026-08-28T09:11:04+05:30,68.93333333333334,success
2026-08-28,K3,Kaggadasapura,09:00,OFFICE,7580,1553,1550,2026-08-28T09:25:50+05:30,54.166666666666664,success
2026-08-28,K3,Kaggadasapura,09:15,OFFICE,7580,1553,1551,2026-08-28T09:40:51+05:30,39.15,success
2026-08-28,K3,Kaggadasapura,09:30,OFFICE,7580,1553,1540,2026-08-28T09:55:40+05:30,24.333333333333332,success
2026-08-28,K3,Kaggadasapura,09:45,OFFICE,7580,1553,1548,2026-08-28T10:10:48+05:30,9.2,success
2026-08-28,K3,Kaggadasapura,10:00,OFFICE,7580,1553,1553,2026-08-28T10:25:53+05:30,-5.883333333333334,success
2026-08-28,V1,Vibhutipura,08:30,OFFICE,8795,1857,1862,2026-08-28T09:01:02+05:30,78.96666666666667,success
2026-08-28,V1,Vibhutipura,08:45,OFFICE,8795,1857,1857,2026-08-28T09:15:57+05:30,64.05,success
2026-08-28,V1,Vibhutipura,09:00,OFFICE,8795,1857,1840,2026-08-28T09:30:40+05:30,49.333333333333336,success
2026-08-28,V1,Vibhutipura,09:15,OFFICE,8795,1857,1839,2026-08-28T09:45:39+05:30,34.35,success
2026-08-28,V1,Vibhutipura,09:30,OFFICE,8795,1857,1845,2026-08-28T10:00:45+05:30,19.25,success
2026-08-28,V1,Vibhutipura,09:45,OFFICE,8795,1857,1824,2026-08-28T10:15:24+05:30,4.6,success
2026-08-28,V1,Vibhutipura,10:00,OFFICE,8795,1857,1874,2026-08-28T10:31:14+05:30,-11.233333333333333,success
2026-08-28,V2,Vibhutipura,08:30,OFFICE,9728,1779,1858,2026-08-28T09:00:58+05:30,79.03333333333333,success
2026-08-28,V2,Vibhutipura,08:45,OFFICE,9728,1779,1846,2026-08-28T09:15:46+05:30,64.23333333333333,success
2026-08-28,V2,Vibhutipura,09:00,OFFICE,9728,1779,1885,2026-08-28T09:31:25+05:30,48.583333333333336,success
2026-08-28,V2,Vibhutipura,09:15,OFFICE,9728,1779,1903,2026-08-28T09:46:43+05:30,33.28333333333333,success
2026-08-28,V2,Vibhutipura,09:30,OFFICE,9728,1779,1902,2026-08-28T10:01:42+05:30,18.3,success
2026-08-28,V2,Vibhutipura,09:45,OFFICE,9728,1779,1948,2026-08-28T10:17:28+05:30,2.533333333333333,success
2026-08-28,V2,Vibhutipura,10:00,OFFICE,9728,1779,1936,2026-08-28T10:32:16+05:30,-12.266666666666667,success
2026-08-28,V3,Vibhutipura,08:30,OFFICE,9579,1938,2010,2026-08-28T09:03:30+05:30,76.5,success
2026-08-28,V3,Vibhutipura,08:45,OFFICE,9579,1938,2006,2026-08-28T09:18:26+05:30,61.56666666666667,success
2026-08-28,V3,Vibhutipura,09:00,OFFICE,9579,1938,2069,2026-08-28T09:34:29+05:30,45.516666666666666,success
2026-08-28,V3,Vibhutipura,09:15,OFFICE,9579,1938,2074,2026-08-28T09:49:34+05:30,30.433333333333334,success
2026-08-28,V3,Vibhutipura,09:30,OFFICE,9579,1938,2096,2026-08-28T10:04:56+05:30,15.066666666666666,success
2026-08-28,V3,Vibhutipura,09:45,OFFICE,9579,1938,2094,2026-08-28T10:19:54+05:30,0.1,success
2026-08-28,V3,Vibhutipura,10:00,OFFICE,9579,1938,2054,2026-08-28T10:34:14+05:30,-14.233333333333333,success
2026-08-28,B1,B. Narayanapura,08:30,OFFICE,2724,562,514,2026-08-28T08:38:34+05:30,101.43333333333334,success
2026-08-28,B1,B. Narayanapura,08:45,OFFICE,2724,562,516,2026-08-28T08:53:36+05:30,86.4,success
2026-08-28,B1,B. Narayanapura,09:00,OFFICE,2724,562,545,2026-08-28T09:09:05+05:30,70.91666666666667,success
2026-08-28,B1,B. Narayanapura,09:15,OFFICE,2724,562,554,2026-08-28T09:24:14+05:30,55.766666666666666,success
2026-08-28,B1,B. Narayanapura,09:30,OFFICE,2724,562,548,2026-08-28T09:39:08+05:30,40.86666666666667,success
2026-08-28,B1,B. Narayanapura,09:45,OFFICE,2724,562,540,2026-08-28T09:54:00+05:30,26.0,success
2026-08-28,B1,B. Narayanapura,10:00,OFFICE,2724,562,564,2026-08-28T10:09:24+05:30,10.6,success
2026-08-28,B2,B. Narayanapura,08:30,OFFICE,2892,594,553,2026-08-28T08:39:13+05:30,100.78333333333333,success
2026-08-28,B2,B. Narayanapura,08:45,OFFICE,2892,594,555,2026-08-28T08:54:15+05:30,85.75,success
2026-08-28,B2,B. Narayanapura,09:00,OFFICE,2892,594,584,2026-08-28T09:09:44+05:30,70.26666666666667,success
2026-08-28,B2,B. Narayanapura,09:15,OFFICE,2892,594,594,2026-08-28T09:24:54+05:30,55.1,success
2026-08-28,B2,B. Narayanapura,09:30,OFFICE,2892,594,588,2026-08-28T09:39:48+05:30,40.2,success
2026-08-28,B2,B. Narayanapura,09:45,OFFICE,2892,594,579,2026-08-28T09:54:39+05:30,25.35,success
2026-08-28,B2,B. Narayanapura,10:00,OFFICE,2892,594,599,2026-08-28T10:09:59+05:30,10.016666666666667,success
2026-08-28,B3,B. Narayanapura,08:30,OFFICE,3607,852,794,2026-08-28T08:43:14+05:30,96.76666666666667,success
2026-08-28,B3,B. Narayanapura,08:45,OFFICE,3607,852,815,2026-08-28T08:58:35+05:30,81.41666666666667,success
2026-08-28,B3,B. Narayanapura,09:00,OFFICE,3607,852,833,2026-08-28T09:13:53+05:30,66.11666666666666,success
2026-08-28,B3,B. Narayanapura,09:15,OFFICE,3607,852,840,2026-08-28T09:29:00+05:30,51.0,success
2026-08-28,B3,B. Narayanapura,09:30,OFFICE,3607,852,820,2026-08-28T09:43:40+05:30,36.333333333333336,success
2026-08-28,B3,B. Narayanapura,09:45,OFFICE,3607,852,835,2026-08-28T09:58:55+05:30,21.083333333333332,success
2026-08-28,B3,B. Narayanapura,10:00,OFFICE,3607,852,845,2026-08-28T10:14:05+05:30,5.916666666666667,success
2026-08-28,R1,KR Puram,08:30,OFFICE,5378,1107,1275,2026-08-28T08:51:15+05:30,88.75,success
2026-08-28,R1,KR Puram,08:45,OFFICE,5378,1107,1328,2026-08-28T09:07:08+05:30,72.86666666666666,success
2026-08-28,R1,KR Puram,09:00,OFFICE,5378,1107,1319,2026-08-28T09:21:59+05:30,58.016666666666666,success
2026-08-28,R1,KR Puram,09:15,OFFICE,5378,1107,1326,2026-08-28T09:37:06+05:30,42.9,success
2026-08-28,R1,KR Puram,09:30,OFFICE,5378,1107,1295,2026-08-28T09:51:35+05:30,28.416666666666668,success
2026-08-28,R1,KR Puram,09:45,OFFICE,5378,1107,1281,2026-08-28T10:06:21+05:30,13.65,success
2026-08-28,R1,KR Puram,10:00,OFFICE,5378,1107,1266,2026-08-28T10:21:06+05:30,-1.1,success
2026-08-28,R2,KR Puram,08:30,OFFICE,4771,939,1085,2026-08-28T08:48:05+05:30,91.91666666666667,success
2026-08-28,R2,KR Puram,08:45,OFFICE,4771,939,1136,2026-08-28T09:03:56+05:30,76.06666666666666,success
2026-08-28,R2,KR Puram,09:00,OFFICE,4771,939,1130,2026-08-28T09:18:50+05:30,61.166666666666664,success
2026-08-28,R2,KR Puram,09:15,OFFICE,4771,939,1133,2026-08-28T09:33:53+05:30,46.11666666666667,success
2026-08-28,R2,KR Puram,09:30,OFFICE,4771,939,1118,2026-08-28T09:48:38+05:30,31.366666666666667,success
2026-08-28,R2,KR Puram,09:45,OFFICE,4771,939,1100,2026-08-28T10:03:20+05:30,16.666666666666668,success
2026-08-28,R2,KR Puram,10:00,OFFICE,4771,939,1097,2026-08-28T10:18:17+05:30,1.7166666666666666,success
2026-08-28,R3,KR Puram,08:30,OFFICE,6159,1038,1116,2026-08-28T08:48:36+05:30,91.4,success
2026-08-28,R3,KR Puram,08:45,OFFICE,6159,1038,1160,2026-08-28T09:04:20+05:30,75.66666666666667,success
2026-08-28,R3,KR Puram,09:00,OFFICE,6159,1038,1199,2026-08-28T09:19:59+05:30,60.016666666666666,success
2026-08-28,R3,KR Puram,09:15,OFFICE,6159,1038,1206,2026-08-28T09:35:06+05:30,44.9,success
2026-08-28,R3,KR Puram,09:30,OFFICE,6159,1038,1202,2026-08-28T09:50:02+05:30,29.966666666666665,success
2026-08-28,R3,KR Puram,09:45,OFFICE,6159,1038,1210,2026-08-28T10:05:10+05:30,14.833333333333334,success
2026-08-28,R3,KR Puram,10:00,OFFICE,6159,1038,1192,2026-08-28T10:19:52+05:30,0.13333333333333333,success
