origin_cluster_id,locality,departure_time,sample_size,mean_traffic_duration_seconds,median_traffic_duration_seconds,p90_traffic_duration_seconds,min_traffic_duration_seconds,max_traffic_duration_seconds,mean_arrival_buffer_minutes,median_arrival_buffer_minutes,worst_arrival_buffer_minutes,on_time_count,off_time_count
B1,B. Narayanapura,08:30,5,517.4,530.0,536.6,470.0,537.0,101.37666666666667,101.16666666666667,101.05,5,0
B1,B. Narayanapura,08:45,5,520.2,534.0,539.8,472.0,541.0,86.33,86.1,85.98333333333333,5,0
B1,B. Narayanapura,09:00,5,542.6,546.0,574.4,479.0,586.0,70.95666666666668,70.9,70.23333333333333,5,0
B1,B. Narayanapura,09:15,5,550.6,566.0,579.6,478.0,588.0,55.82333333333334,55.56666666666667,55.2,5,0
B1,B. Narayanapura,09:30,5,554.2,568.0,590.2,478.0,597.0,40.763333333333335,40.53333333333333,40.05,5,0
B1,B. Narayanapura,09:45,5,559.2,579.0,602.8,478.0,616.0,25.68,25.35,24.733333333333334,5,0
B1,B. Narayanapura,10:00,5,576.2,589.0,623.8,490.0,643.0,10.396666666666668,10.183333333333334,9.283333333333333,5,0
B2,B. Narayanapura,08:30,5,560.6,578.0,584.4,504.0,586.0,100.65666666666667,100.36666666666666,100.23333333333333,5,0
B2,B. Narayanapura,08:45,5,562.0,581.0,585.0,504.0,585.0,85.63333333333333,85.31666666666666,85.25,5,0
B2,B. Narayanapura,09:00,5,582.0,591.0,615.6,509.0,626.0,70.3,70.15,69.56666666666666,5,0
B2,B. Narayanapura,09:15,5,591.4,609.0,626.2,507.0,637.0,55.14333333333334,54.85,54.38333333333333,5,0
B2,B. Narayanapura,09:30,5,594.2,614.0,630.8,510.0,636.0,40.09666666666667,39.766666666666666,39.4,5,0
B2,B. Narayanapura,09:45,5,599.8,624.0,645.2,512.0,658.0,25.003333333333337,24.6,24.033333333333335,5,0
B2,B. Narayanapura,10:00,5,614.0,631.0,663.0,521.0,677.0,9.766666666666666,9.483333333333333,8.716666666666667,5,0
B3,B. Narayanapura,08:30,5,795.4,811.0,815.4,742.0,817.0,96.74333333333333,96.48333333333333,96.38333333333334,5,0
B3,B. Narayanapura,08:45,5,813.2,828.0,841.0,744.0,847.0,81.44666666666667,81.2,80.88333333333334,5,0
B3,B. Narayanapura,09:00,5,826.8,833.0,863.0,756.0,879.0,66.22,66.11666666666666,65.35,5,0
B3,B. Narayanapura,09:15,5,837.4,849.0,873.0,758.0,885.0,51.04333333333334,50.85,50.25,5,0
B3,B. Narayanapura,09:30,5,836.0,848.0,882.0,752.0,890.0,36.06666666666667,35.86666666666667,35.166666666666664,5,0
B3,B. Narayanapura,09:45,5,846.4,855.0,897.0,755.0,911.0,20.89333333333333,20.75,19.816666666666666,5,0
B3,B. Narayanapura,10:00,5,861.2,869.0,917.2,767.0,936.0,5.6466666666666665,5.516666666666667,4.4,5,0
D1,Doddanekkundi,08:30,5,956.6,998.0,1019.8,818.0,1027.0,94.05666666666667,93.36666666666666,92.88333333333334,5,0
D1,Doddanekkundi,08:45,5,980.4,1022.0,1049.8,827.0,1057.0,78.66,77.96666666666667,77.38333333333334,5,0
D1,Doddanekkundi,09:00,5,997.8,1046.0,1080.4,823.0,1098.0,63.36999999999999,62.56666666666667,61.7,5,0
D1,Doddanekkundi,09:15,5,1032.4,1088.0,1135.6,828.0,1150.0,47.79333333333334,46.86666666666667,45.833333333333336,5,0
D1,Doddanekkundi,09:30,5,1047.0,1125.0,1151.8,837.0,1167.0,32.55,31.25,30.55,5,0
D1,Doddanekkundi,09:45,5,1059.2,1125.0,1185.6,842.0,1210.0,17.346666666666664,16.25,14.833333333333334,5,0
D1,Doddanekkundi,10:00,5,1058.0,1116.0,1190.0,843.0,1228.0,2.3666666666666667,1.4,-0.4666666666666667,4,1
D2,Doddanekkundi,08:30,5,1070.6,1097.0,1128.6,936.0,1149.0,92.15666666666668,91.71666666666667,90.85,5,0
D2,Doddanekkundi,08:45,5,1107.8,1143.0,1175.4,945.0,1189.0,76.53666666666666,75.95,75.18333333333334,5,0
D2,Doddanekkundi,09:00,5,1119.0,1160.0,1206.4,942.0,1232.0,61.35,60.666666666666664,59.46666666666667,5,0
D2,Doddanekkundi,09:15,5,1131.2,1175.0,1220.8,941.0,1250.0,46.14666666666667,45.416666666666664,44.166666666666664,5,0
D2,Doddanekkundi,09:30,5,1143.6,1181.0,1241.2,940.0,1266.0,30.940000000000005,30.316666666666666,28.9,5,0
D2,Doddanekkundi,09:45,5,1153.6,1189.0,1248.2,944.0,1251.0,15.773333333333335,15.183333333333334,14.15,5,0
D2,Doddanekkundi,10:00,5,1168.2,1217.0,1264.2,955.0,1279.0,0.5299999999999999,-0.2833333333333333,-1.3166666666666667,2,3
D3,Doddanekkundi,08:30,5,898.2,950.0,995.4,695.0,1009.0,95.03,94.16666666666667,93.18333333333334,5,0
D3,Doddanekkundi,08:45,5,921.4,982.0,1033.8,692.0,1049.0,79.64333333333333,78.63333333333334,77.51666666666667,5,0
D3,Doddanekkundi,09:00,5,949.0,1003.0,1077.0,702.0,1099.0,64.18333333333332,63.28333333333333,61.68333333333333,5,0
D3,Doddanekkundi,09:15,5,979.4,1041.0,1132.8,703.0,1158.0,48.67666666666667,47.65,45.7,5,0
D3,Doddanekkundi,09:30,5,985.8,1081.0,1133.6,705.0,1164.0,33.57,31.983333333333334,30.6,5,0
D3,Doddanekkundi,09:45,5,1003.4,1081.0,1169.8,724.0,1217.0,18.276666666666667,16.983333333333334,14.716666666666667,5,0
D3,Doddanekkundi,10:00,5,1008.4,1082.0,1179.0,725.0,1235.0,3.193333333333334,1.9666666666666666,-0.5833333333333334,4,1
H1,Hoodi,08:30,5,379.4,382.0,388.8,360.0,390.0,103.67666666666666,103.63333333333334,103.5,5,0
H1,Hoodi,08:45,5,373.8,379.0,381.6,355.0,382.0,88.77000000000001,88.68333333333334,88.63333333333334,5,0
H1,Hoodi,09:00,5,381.8,387.0,392.2,357.0,395.0,73.63666666666667,73.55,73.41666666666667,5,0
H1,Hoodi,09:15,5,382.6,388.0,391.8,356.0,393.0,58.623333333333335,58.53333333333333,58.45,5,0
H1,Hoodi,09:30,5,382.2,388.0,390.2,359.0,391.0,43.63,43.53333333333333,43.483333333333334,5,0
H1,Hoodi,09:45,5,380.2,382.0,390.2,359.0,393.0,28.663333333333334,28.633333333333333,28.45,5,0
H1,Hoodi,10:00,5,386.4,390.0,395.6,366.0,396.0,13.559999999999999,13.5,13.4,5,0
H2,Hoodi,08:30,5,499.6,511.0,534.0,433.0,548.0,101.67333333333333,101.48333333333333,100.86666666666666,5,0
H2,Hoodi,08:45,5,501.8,521.0,527.2,428.0,530.0,86.63666666666667,86.31666666666666,86.16666666666667,5,0
H2,Hoodi,09:00,5,523.0,536.0,568.8,438.0,582.0,71.28333333333333,71.06666666666666,70.3,5,0
H2,Hoodi,09:15,5,521.2,528.0,572.4,438.0,590.0,56.31333333333333,56.2,55.166666666666664,5,0
H2,Hoodi,09:30,5,503.8,512.0,535.2,442.0,550.0,41.60333333333333,41.46666666666667,40.833333333333336,5,0
H2,Hoodi,09:45,5,498.8,516.0,520.2,442.0,523.0,26.686666666666667,26.4,26.283333333333335,5,0
H2,Hoodi,10:00,5,505.4,526.0,532.6,447.0,535.0,11.576666666666666,11.233333333333333,11.083333333333334,5,0
H3,Hoodi,08:30,5,389.4,398.0,409.0,342.0,411.0,103.50999999999999,103.36666666666666,103.15,5,0
H3,Hoodi,08:45,5,388.0,402.0,403.6,338.0,404.0,88.53333333333333,88.3,88.26666666666667,5,0
H3,Hoodi,09:00,5,402.6,415.0,420.8,347.0,424.0,73.28999999999999,73.08333333333333,72.93333333333334,5,0
H3,Hoodi,09:15,5,413.4,429.0,439.2,344.0,440.0,58.11,57.85,57.666666666666664,5,0
H3,Hoodi,09:30,5,423.2,450.0,453.2,344.0,454.0,42.946666666666665,42.5,42.43333333333333,5,0
H3,Hoodi,09:45,5,434.4,455.0,480.4,350.0,482.0,27.759999999999998,27.416666666666668,26.966666666666665,5,0
H3,Hoodi,10:00,5,439.4,463.0,494.0,349.0,514.0,12.676666666666668,12.283333333333333,11.433333333333334,5,0
K1,Kaggadasapura,08:30,5,1356.8,1391.0,1423.4,1207.0,1439.0,87.38666666666667,86.81666666666666,86.01666666666667,5,0
K1,Kaggadasapura,08:45,5,1376.0,1392.0,1459.6,1211.0,1492.0,72.06666666666668,71.8,70.13333333333334,5,0
K1,Kaggadasapura,09:00,5,1393.4,1432.0,1476.0,1221.0,1492.0,56.776666666666664,56.13333333333333,55.13333333333333,5,0
K1,Kaggadasapura,09:15,5,1392.4,1402.0,1489.8,1229.0,1513.0,41.79333333333334,41.63333333333333,39.78333333333333,5,0
K1,Kaggadasapura,09:30,5,1414.0,1454.0,1516.2,1234.0,1535.0,26.433333333333337,25.766666666666666,24.416666666666668,5,0
K1,Kaggadasapura,09:45,5,1425.8,1432.0,1544.4,1259.0,1578.0,11.236666666666668,11.133333333333333,8.7,5,0
K1,Kaggadasapura,10:00,5,1431.0,1446.0,1542.2,1274.0,1575.0,-3.85,-4.1,-6.25,0,5
K2,Kaggadasapura,08:30,5,1351.2,1386.0,1420.0,1200.0,1436.0,87.48,86.9,86.06666666666666,5,0
K2,Kaggadasapura,08:45,5,1372.6,1388.0,1457.0,1209.0,1489.0,72.12333333333333,71.86666666666666,70.18333333333334,5,0
K2,Kaggadasapura,09:00,5,1392.8,1436.0,1476.4,1217.0,1492.0,56.78666666666667,56.06666666666667,55.13333333333333,5,0
K2,Kaggadasapura,09:15,5,1390.0,1396.0,1489.0,1225.0,1513.0,41.83333333333333,41.733333333333334,39.78333333333333,5,0
K2,Kaggadasapura,09:30,5,1407.4,1441.0,1510.8,1232.0,1532.0,26.543333333333333,25.983333333333334,24.466666666666665,5,0
K2,Kaggadasapura,09:45,5,1418.2,1418.0,1535.4,1257.0,1569.0,11.363333333333333,11.366666666666667,8.85,5,0
K2,Kaggadasapura,10:00,5,1425.8,1435.0,1535.4,1271.0,1567.0,-3.763333333333333,-3.9166666666666665,-6.116666666666666,0,5
K3,Kaggadasapura,08:30,5,1562.2,1608.0,1640.0,1377.0,1658.0,83.96333333333332,83.2,82.36666666666666,5,0
K3,Kaggadasapura,08:45,5,1571.2,1599.0,1661.2,1387.0,1694.0,68.81333333333333,68.35,66.76666666666667,5,0
K3,Kaggadasapura,09:00,5,1581.8,1631.0,1670.2,1400.0,1695.0,53.63666666666667,52.81666666666667,51.75,5,0
K3,Kaggadasapura,09:15,5,1582.6,1595.0,1682.8,1412.0,1704.0,38.623333333333335,38.416666666666664,36.6,5,0
K3,Kaggadasapura,09:30,5,1595.4,1626.0,1701.2,1419.0,1722.0,23.410000000000004,22.9,21.3,5,0
K3,Kaggadasapura,09:45,5,1605.8,1605.0,1727.8,1441.0,1769.0,8.236666666666668,8.25,5.516666666666667,5,0
K3,Kaggadasapura,10:00,5,1610.6,1619.0,1723.2,1451.0,1756.0,-6.843333333333334,-6.983333333333333,-9.266666666666667,0,5
R1,KR Puram,08:30,5,1289.6,1363.0,1421.8,967.0,1423.0,88.50666666666666,87.28333333333333,86.28333333333333,5,0
R1,KR Puram,08:45,5,1358.4,1476.0,1504.4,983.0,1512.0,72.35999999999999,70.4,69.8,5,0
R1,KR Puram,09:00,5,1355.4,1461.0,1510.8,988.0,1536.0,57.410000000000004,55.65,54.4,5,0
R1,KR Puram,09:15,5,1354.2,1438.0,1509.0,999.0,1529.0,42.43,41.03333333333333,39.516666666666666,5,0
R1,KR Puram,09:30,5,1351.0,1457.0,1506.2,1002.0,1529.0,27.48333333333333,25.716666666666665,24.516666666666666,5,0
R1,KR Puram,09:45,5,1346.6,1452.0,1498.0,1014.0,1518.0,12.556666666666668,10.8,9.7,5,0
R1,KR Puram,10:00,5,1336.8,1421.0,1489.2,1024.0,1500.0,-2.2800000000000002,-3.683333333333333,-5.0,1,4
R2,KR Puram,08:30,5,1113.2,1193.0,1249.6,789.0,1250.0,91.44666666666669,90.11666666666666,89.16666666666667,5,0
R2,KR Puram,08:45,5,1170.6,1280.0,1320.4,797.0,1322.0,75.49,73.66666666666667,72.96666666666667,5,0
R2,KR Puram,09:00,5,1174.8,1279.0,1335.0,807.0,1359.0,60.42,58.68333333333333,57.35,5,0
R2,KR Puram,09:15,5,1171.8,1258.0,1336.6,806.0,1359.0,45.47,44.03333333333333,42.35,5,0
R2,KR Puram,09:30,5,1179.0,1285.0,1346.0,814.0,1374.0,30.35,28.583333333333332,27.1,5,0
R2,KR Puram,09:45,5,1176.0,1280.0,1348.2,819.0,1379.0,15.4,13.666666666666666,12.016666666666667,5,0
R2,KR Puram,10:00,5,1174.6,1265.0,1340.2,834.0,1347.0,0.4233333333333332,-1.0833333333333333,-2.45,2,3
R3,KR Puram,08:30,5,1178.8,1261.0,1308.0,908.0,1322.0,90.35333333333332,88.98333333333333,87.96666666666667,5,0
R3,KR Puram,08:45,5,1217.6,1293.0,1372.4,897.0,1386.0,74.70666666666668,73.45,71.9,5,0
R3,KR Puram,09:00,5,1231.2,1312.0,1374.0,904.0,1388.0,59.48,58.13333333333333,56.86666666666667,5,0
R3,KR Puram,09:15,5,1221.2,1284.0,1355.2,911.0,1366.0,44.64666666666666,43.6,42.233333333333334,5,0
R3,KR Puram,09:30,5,1219.4,1278.0,1362.6,898.0,1375.0,29.676666666666666,28.7,27.083333333333332,5,0
R3,KR Puram,09:45,5,1232.0,1306.0,1368.8,915.0,1386.0,14.466666666666665,13.233333333333333,11.9,5,0
R3,KR Puram,10:00,5,1237.8,1335.0,1370.8,928.0,1386.0,-0.63,-2.25,-3.1,2,3
V1,Vibhutipura,08:30,5,1881.6,1913.0,1995.4,1659.0,2029.0,78.64000000000001,78.11666666666666,76.18333333333334,5,0
V1,Vibhutipura,08:45,5,1882.6,1931.0,1984.0,1670.0,2010.0,63.623333333333335,62.81666666666667,61.5,5,0
V1,Vibhutipura,09:00,5,1881.6,1909.0,1988.8,1696.0,2018.0,48.64,48.18333333333333,46.36666666666667,5,0
V1,Vibhutipura,09:15,5,1899.0,1941.0,2009.8,1713.0,2045.0,33.35,32.65,30.916666666666668,5,0
V1,Vibhutipura,09:30,5,1904.6,1921.0,2025.6,1727.0,2068.0,18.256666666666668,17.983333333333334,15.533333333333333,5,0
V1,Vibhutipura,09:45,5,1913.2,1943.0,2032.2,1755.0,2073.0,3.1133333333333333,2.6166666666666667,0.45,5,0
V1,Vibhutipura,10:00,5,1949.2,1952.0,2072.4,1791.0,2104.0,-12.486666666666668,-12.533333333333333,-15.066666666666666,0,5
V2,Vibhutipura,08:30,5,1861.2,1927.0,1985.6,1565.0,2016.0,78.97999999999999,77.88333333333334,76.4,5,0
V2,Vibhutipura,08:45,5,1900.8,1978.0,2068.8,1571.0,2126.0,63.32000000000001,62.03333333333333,59.56666666666667,5,0
V2,Vibhutipura,09:00,5,1951.0,2047.0,2140.6,1572.0,2201.0,47.483333333333334,45.88333333333333,43.31666666666667,5,0
V2,Vibhutipura,09:15,5,1992.0,2098.0,2203.6,1577.0,2254.0,31.8,30.033333333333335,27.433333333333334,5,0
V2,Vibhutipura,09:30,5,2041.8,2156.0,2303.2,1588.0,2390.0,15.969999999999999,14.066666666666666,10.166666666666666,5,0
V2,Vibhutipura,09:45,5,2080.0,2208.0,2338.6,1603.0,2411.0,0.33333333333333337,-1.8,-5.183333333333334,2,3
V2,Vibhutipura,10:00,5,2088.6,2209.0,2347.6,1635.0,2412.0,-14.809999999999999,-16.816666666666666,-20.2,0,5
V3,Vibhutipura,08:30,5,2030.0,2105.0,2158.4,1735.0,2192.0,76.16666666666666,74.91666666666667,73.46666666666667,5,0
V3,Vibhutipura,08:45,5,2066.6,2135.0,2242.8,1735.0,2300.0,60.55666666666667,59.416666666666664,56.666666666666664,5,0
V3,Vibhutipura,09:00,5,2140.6,2246.0,2340.4,1735.0,2396.0,44.32333333333334,42.56666666666667,40.06666666666667,5,0
V3,Vibhutipura,09:15,5,2191.2,2271.0,2451.8,1742.0,2521.0,28.48,27.15,22.983333333333334,5,0
V3,Vibhutipura,09:30,5,2218.0,2329.0,2481.4,1752.0,2581.0,13.033333333333335,11.183333333333334,6.983333333333333,5,0
V3,Vibhutipura,09:45,5,2245.4,2359.0,2509.2,1775.0,2548.0,-2.423333333333333,-4.316666666666666,-7.466666666666667,2,3
V3,Vibhutipura,10:00,5,2230.0,2353.0,2487.6,1808.0,2568.0,-17.166666666666664,-19.216666666666665,-22.8,0,5
